fixed_acidity,volatile_acidity,citric_acid,residual_sugar,chlorides,free_sulfur_dioxide,total_sulfur_dioxide,density,pH,sulphates,alcohol,id,Quality_Predicted
6.7,0.29,0.45,14.3,0.054000000000000006,30.0,181.0,0.99869,3.14,0.57,9.1,1,5.3
7.4,0.32,0.55,16.6,0.055999999999999994,53.0,238.0,1.0017,2.96,0.58,8.7,2,5.9
7.6,0.38,0.2,3.4,0.046,9.0,116.0,0.9944,3.15,0.41,9.4,3,5.5
7.9,0.14,0.45,1.8,0.05,17.0,114.0,0.9948,3.33,0.49,10.7,4,5.7
7.9,0.16,0.3,7.4,0.05,58.0,152.0,0.9961200000000001,3.12,0.37,9.5,5,6.0
5.8,0.31,0.32,4.5,0.024,28.0,94.0,0.98906,3.25,0.52,13.7,6,7.3
7.8,0.28,0.34,1.6,0.027999999999999997,32.0,118.0,0.9901,3.0,0.38,12.1,7,7.0
7.0,0.23,0.35,1.4,0.036000000000000004,31.0,113.0,0.9912,3.16,0.48,10.8,8,6.5
6.8,0.35,0.44,6.5,0.055999999999999994,31.0,161.0,0.9952,3.14,0.44,9.5,9,5.2
6.4,0.22,0.34,1.4,0.023,56.0,115.0,0.9895799999999999,3.18,0.7,11.7,10,6.0
6.2,0.46,0.25,4.4,0.066,62.0,207.0,0.9939,3.25,0.52,9.8,11,4.6
7.8,0.3,0.74,1.8,0.033,33.0,156.0,0.991,3.29,0.52,12.8,12,6.8
6.2,0.23,0.36,17.2,0.039,37.0,130.0,0.99946,3.23,0.43,8.8,13,6.0
6.5,0.18,0.41,14.2,0.039,47.0,129.0,0.9967799999999999,3.28,0.72,10.3,14,6.8
7.7,0.3,0.42,14.3,0.045,45.0,213.0,0.9991,3.18,0.63,9.2,15,5.0
7.2,0.39,0.63,11.0,0.044000000000000004,55.0,156.0,0.9974,3.09,0.44,8.7,16,5.3
6.5,0.27,0.26,11.0,0.03,2.0,82.0,0.9940200000000001,3.07,0.36,11.2,17,4.3
7.3,0.19,0.49,15.55,0.057999999999999996,50.0,134.0,0.9998,3.42,0.36,9.1,18,7.3
7.0,0.21,0.34,8.5,0.033,31.0,253.0,0.9953,3.22,0.56,10.5,19,6.6
5.8,0.25,0.26,13.1,0.051,44.0,148.0,0.9972,3.29,0.38,9.3,20,5.6
7.5,0.27,0.36,7.0,0.036000000000000004,45.0,164.0,0.9939,3.03,0.33,11.0,21,6.4
6.9,0.3,0.36,0.9,0.037000000000000005,40.0,156.0,0.9896799999999999,3.08,0.36,12.1,22,6.7
6.6,0.29,0.29,1.8,0.036000000000000004,38.0,102.0,0.98819,3.08,0.42,13.7,23,6.0
6.6,0.17,0.36,1.9,0.036000000000000004,38.0,110.0,0.99056,3.05,0.54,11.4,24,6.2
6.4,0.38,0.24,7.2,0.047,41.0,151.0,0.9960399999999999,3.11,0.6,9.2,25,5.5
6.8,0.19,0.71,17.5,0.042,21.0,114.0,0.99784,2.85,0.5,9.5,26,6.2
7.4,0.24,0.42,14.0,0.066,48.0,198.0,0.9979,2.89,0.42,8.9,27,5.7
6.8,0.31,0.32,7.6,0.052000000000000005,35.0,143.0,0.9959,3.14,0.38,9.0,28,5.0
8.3,0.18,0.3,1.1,0.033,20.0,57.0,0.9910899999999999,3.02,0.51,11.0,29,5.6
7.3,0.2,0.29,19.5,0.039,69.0,237.0,1.00037,3.1,0.48,9.2,30,6.3
8.7,0.23,0.32,13.4,0.044000000000000004,35.0,169.0,0.99975,3.12,0.47,8.8,31,6.0
6.4,0.22,0.56,14.5,0.055,27.0,159.0,0.998,2.98,0.4,9.1,32,5.7
6.9,0.2,0.5,10.0,0.036000000000000004,78.0,167.0,0.9964,3.15,0.55,10.2,33,6.2
6.9,0.33,0.28,1.3,0.051,37.0,187.0,0.9927,3.27,0.6,10.3,34,5.8
6.7,0.3,0.29,2.8,0.025,37.0,107.0,0.99159,3.31,0.63,11.3,35,6.7
5.3,0.275,0.24,7.4,0.038,28.0,114.0,0.99313,3.38,0.51,11.0,36,5.7
6.4,0.22,0.32,7.2,0.027999999999999997,15.0,83.0,0.993,3.13,0.55,10.9,37,6.8
6.5,0.32,0.34,5.7,0.044000000000000004,27.0,91.0,0.9918399999999999,3.28,0.6,12.0,38,6.3
8.3,0.22,0.38,14.8,0.054000000000000006,32.0,126.0,1.0002,3.22,0.5,9.7,39,5.3
6.4,0.43,0.27,1.1,0.054000000000000006,5.0,110.0,0.9939,3.24,0.52,9.1,40,5.3
8.4,0.31,0.31,0.95,0.021,52.0,148.0,0.9903799999999999,2.93,0.32,11.5,41,6.1
5.8,0.18,0.37,1.2,0.036000000000000004,19.0,74.0,0.9885299999999999,3.09,0.49,12.7,42,6.5
7.1,0.21,0.31,3.8,0.021,40.0,142.0,0.99215,3.17,0.39,10.8,43,5.7
5.7,0.32,0.5,2.6,0.049,17.0,155.0,0.9927,3.22,0.64,10.0,44,4.9
7.1,0.2,0.41,2.1,0.054000000000000006,24.0,166.0,0.9948,3.48,0.62,10.5,45,5.7
6.8,0.53,0.35,3.8,0.034,26.0,109.0,0.9906,3.26,0.57,12.7,46,6.9
5.9,0.12,0.27,4.8,0.03,40.0,110.0,0.99226,3.55,0.68,12.1,47,6.7
6.1,0.28,0.3,7.75,0.031,33.0,139.0,0.9929600000000001,3.22,0.46,11.0,48,6.5
7.5,0.14,0.74,1.6,0.035,21.0,126.0,0.9933,3.26,0.45,10.2,49,5.9
7.3,0.19,0.27,13.9,0.057,45.0,155.0,0.9980700000000001,2.94,0.41,8.8,50,7.8
6.0,0.32,0.3,1.9,0.033,41.0,142.0,0.9891200000000001,3.29,0.42,12.8,51,6.7
7.0,0.13,0.37,12.85,0.042,36.0,105.0,0.9958100000000001,3.05,0.55,10.7,52,6.2
7.5,0.25,0.47,4.1,0.040999999999999995,95.0,163.0,0.9918399999999999,2.92,0.59,11.3,53,5.8
6.2,0.32,0.16,7.0,0.045,30.0,136.0,0.9949,3.18,0.47,9.6,54,5.2
6.5,0.32,0.3,2.3,0.051,20.0,127.0,0.98964,3.13,0.52,12.8,55,6.5
6.4,0.19,0.42,2.9,0.032,32.0,83.0,0.9908,3.3,0.41,11.7,56,6.5
7.0,0.25,0.29,15.2,0.047,40.0,171.0,0.9982,3.22,0.45,9.3,57,5.8
7.0,0.29,0.37,4.9,0.034,26.0,127.0,0.9928,3.17,0.44,10.8,58,5.8
7.6,0.2,0.3,14.2,0.055999999999999994,53.0,212.5,0.9990000000000001,3.14,0.46,8.9,59,8.0
6.4,0.26,0.35,7.7,0.055999999999999994,45.0,191.0,0.9952700000000001,3.16,0.5,9.5,60,5.2
7.5,0.33,0.48,19.45,0.048,55.0,243.0,1.001,2.95,0.4,8.8,61,5.6
6.7,0.62,0.24,1.1,0.039,6.0,62.0,0.9934,3.41,0.32,10.4,62,4.1
7.0,0.28,0.28,1.4,0.039,12.0,83.0,0.9917299999999999,3.18,0.65,11.1,63,5.6
6.8,0.16,0.4,2.3,0.037000000000000005,18.0,102.0,0.9923,3.49,0.42,11.4,64,6.5
6.1,0.44,0.28,4.25,0.032,43.0,132.0,0.9916,3.26,0.47,11.26666667,65,6.4
7.7,0.46,0.18,3.3,0.054000000000000006,18.0,143.0,0.99392,3.12,0.51,10.8,66,5.2
6.7,0.31,0.32,14.5,0.038,6.0,79.0,0.9941200000000001,3.14,0.34,12.5,67,5.6
7.4,0.29,0.25,3.8,0.044000000000000004,30.0,114.0,0.992,3.11,0.4,11.0,68,6.1
6.0,0.16,0.27,12.0,0.03,39.0,98.0,0.9940200000000001,3.15,0.34,10.8,69,6.4
7.6,0.17,0.36,4.5,0.042,26.0,102.0,0.9942700000000001,3.09,0.47,9.5,70,6.2
6.4,0.5,0.2,2.4,0.059000000000000004,19.0,112.0,0.9931399999999999,3.18,0.4,9.2,71,5.5
7.5,0.26,0.26,18.35,0.084,33.0,139.0,1.0011,3.17,0.39,8.8,72,6.0
5.3,0.23,0.56,0.9,0.040999999999999995,46.0,141.0,0.99119,3.16,0.62,9.7,73,5.9
6.0,0.28,0.27,15.5,0.036000000000000004,31.0,134.0,0.99408,3.19,0.44,13.0,74,6.7
6.7,0.41,0.34,9.2,0.049,29.0,150.0,0.9968,3.22,0.51,9.1,75,5.1
7.4,0.31,0.74,10.7,0.039,51.0,147.0,0.9977,3.02,0.43,8.7,76,5.5
7.3,0.4,0.28,6.5,0.037000000000000005,26.0,97.0,0.9914799999999999,3.16,0.58,12.6,77,6.9
6.2,0.25,0.44,15.8,0.057,39.0,167.0,0.9980399999999999,3.14,0.51,9.2,78,5.6
6.9,0.26,0.27,4.2,0.031,20.0,80.0,0.9908899999999999,3.12,0.39,11.5,79,6.0
6.8,0.22,0.26,1.2,0.040999999999999995,29.0,182.0,0.9910399999999999,3.04,0.35,11.2,80,6.4
5.9,0.65,0.23,5.0,0.035,20.0,128.0,0.99016,3.46,0.48,12.8,81,6.4
7.0,0.23,0.33,5.8,0.04,25.0,136.0,0.995,3.19,0.58,9.5,82,5.9
6.1,0.22,0.38,2.8,0.14400000000000002,12.0,65.0,0.9908,2.95,0.64,11.4,83,5.6
6.5,0.39,0.23,5.4,0.051,25.0,149.0,0.9934,3.24,0.35,10.0,84,5.5
5.2,0.6,0.07,7.0,0.044000000000000004,33.0,147.0,0.9944,3.33,0.58,9.7,85,4.5
8.0,0.23,0.46,1.5,0.03,30.0,125.0,0.9907,3.23,0.47,12.5,86,7.0
6.5,0.22,0.19,4.5,0.096,16.0,115.0,0.9937,3.02,0.44,9.6,87,5.4
6.8,0.2,0.27,1.2,0.034,19.0,68.0,0.9902,3.14,0.37,11.7,88,6.7
6.8,0.2,0.59,0.9,0.147,38.0,132.0,0.993,3.05,0.38,9.1,89,5.7
6.2,0.21,0.52,6.5,0.047,28.0,123.0,0.99418,3.22,0.49,9.9,90,5.9
7.7,0.43,0.28,4.5,0.046,33.0,102.0,0.9918,3.16,0.56,12.2,91,6.5
5.6,0.175,0.29,0.8,0.043,20.0,67.0,0.9911200000000001,3.28,0.48,9.9,92,5.5
7.9,0.345,0.51,15.3,0.047,54.0,171.0,0.9987,3.09,0.51,9.1,93,5.4
7.6,0.2,0.3,14.2,0.055999999999999994,53.0,212.5,0.9990000000000001,3.14,0.46,8.9,94,8.0
7.2,0.31,0.5,13.3,0.055999999999999994,68.0,195.0,0.9982,3.01,0.47,9.2,95,5.3
7.0,0.35,0.24,1.9,0.04,21.0,144.0,0.9923,3.35,0.38,11.0,96,6.5
7.4,0.28,0.36,14.6,0.048,35.0,161.0,0.9968,3.14,0.56,10.6,97,5.7
5.9,0.28,0.14,8.6,0.032,30.0,142.0,0.9954200000000001,3.28,0.44,9.5,98,5.9
6.6,0.32,0.22,16.7,0.046,38.0,133.0,0.9979,3.22,0.67,10.4,99,5.9
5.6,0.21,0.4,1.3,0.040999999999999995,81.0,147.0,0.9901,3.22,0.95,11.6,100,5.8
7.7,0.28,0.24,2.4,0.044000000000000004,29.0,157.0,0.9931200000000001,3.27,0.56,10.6,101,5.8
6.4,0.2,0.28,2.5,0.032,24.0,84.0,0.9916799999999999,3.31,0.55,11.5,102,6.3
6.4,0.31,0.53,8.8,0.057,36.0,221.0,0.9964200000000001,3.17,0.44,9.1,103,5.4
7.7,0.275,0.3,1.0,0.039,19.0,75.0,0.992,3.01,0.56,10.7,104,5.5
6.7,0.46,0.21,4.0,0.034,12.0,88.0,0.99016,3.26,0.54,13.0,105,6.1
6.8,0.27,0.22,17.8,0.034,16.0,116.0,0.9989,3.07,0.53,9.2,106,4.8
5.8,0.335,0.14,5.8,0.046,49.0,197.0,0.9937,3.3,0.71,10.3,107,5.2
6.7,0.31,0.3,2.4,0.038,30.0,83.0,0.98867,3.09,0.36,12.8,108,6.2
6.6,0.55,0.01,2.7,0.034,56.0,122.0,0.9906,3.15,0.3,11.9,109,5.3
6.2,0.25,0.54,7.0,0.046,58.0,176.0,0.99454,3.19,0.7,10.4,110,5.4
8.3,0.28,0.45,7.8,0.059000000000000004,32.0,139.0,0.9972,3.33,0.77,11.2,111,6.7
6.2,0.28,0.27,10.3,0.03,26.0,108.0,0.9938799999999999,3.2,0.36,10.7,112,5.6
9.2,0.28,0.46,3.2,0.057999999999999996,39.0,133.0,0.996,3.14,0.58,9.5,113,5.1
6.7,0.11,0.34,8.8,0.043,41.0,113.0,0.9962,3.42,0.4,9.3,114,6.2
7.5,0.26,0.26,18.35,0.084,33.0,139.0,1.0011,3.17,0.39,8.8,115,6.0
6.0,0.36,0.32,1.1,0.053,26.0,173.0,0.9941399999999999,3.38,0.54,8.8,116,5.1
7.4,0.2,0.43,7.8,0.045,27.0,153.0,0.9964,3.19,0.55,9.0,117,5.9
6.8,0.19,0.33,4.9,0.047,42.0,130.0,0.9928299999999999,3.12,0.56,11.0,118,6.4
6.0,0.17,0.3,7.3,0.039,39.0,104.0,0.9925200000000001,2.91,0.57,11.0,119,6.1
7.3,0.33,0.4,6.85,0.038,32.0,138.0,0.992,3.03,0.3,11.9,120,7.1
6.6,0.27,0.49,7.8,0.049,62.0,217.0,0.9959,3.17,0.45,9.4,121,5.2
7.4,0.24,0.26,1.6,0.057999999999999996,53.0,150.0,0.9936,3.18,0.5,9.9,122,5.7
7.5,0.29,0.67,8.1,0.037000000000000005,53.0,166.0,0.9966,2.9,0.41,8.9,123,5.8
6.4,0.62,0.12,4.7,0.06,33.0,196.0,0.99556,3.22,0.48,8.9,124,4.5
7.4,0.23,0.38,8.6,0.052000000000000005,41.0,150.0,0.99534,3.06,0.46,10.3,125,6.0
7.9,0.2,0.34,1.2,0.04,29.0,118.0,0.9932,3.14,0.41,10.6,126,6.2
7.0,0.16,0.36,2.6,0.028999999999999998,28.0,98.0,0.99126,3.11,0.37,11.2,127,6.4
6.7,0.33,0.42,6.4,0.057999999999999996,27.0,151.0,0.9954,3.16,0.44,9.6,128,5.4
5.2,0.34,0.37,6.2,0.031,42.0,133.0,0.9907600000000001,3.25,0.41,12.5,129,6.8
6.4,0.17,0.3,2.8,0.034,33.0,125.0,0.9915200000000001,3.03,0.49,10.4,130,6.4
6.3,0.28,0.22,9.5,0.04,30.0,111.0,0.9933799999999999,3.05,0.31,10.8,131,6.2
6.3,0.26,0.42,7.1,0.045,62.0,209.0,0.99544,3.2,0.53,9.5,132,5.9
6.0,0.29,0.41,10.8,0.048,55.0,149.0,0.9937,3.09,0.59,11.0,133,6.0
7.1,0.12,0.32,9.6,0.054000000000000006,64.0,162.0,0.9962,3.4,0.41,9.4,134,5.3
7.8,0.16,0.41,1.7,0.026000000000000002,29.0,140.0,0.991,3.02,0.78,12.5,135,6.1
6.8,0.25,0.24,4.55,0.053,41.0,211.0,0.9955,3.37,0.67,9.5,136,5.4
8.0,0.36,0.43,10.1,0.053,29.0,146.0,0.9982,3.4,0.46,9.5,137,5.4
6.8,0.16,0.29,10.4,0.046,59.0,143.0,0.99518,3.2,0.4,10.8,138,5.7
8.9,0.3,0.35,4.6,0.032,32.0,148.0,0.9945799999999999,3.15,0.45,11.5,139,5.7
6.3,0.34,0.33,4.6,0.034,19.0,80.0,0.9917,3.38,0.58,12.0,140,6.6
6.8,0.23,0.32,1.6,0.026000000000000002,43.0,147.0,0.9904,3.29,0.54,12.5,141,6.7
7.1,0.25,0.28,1.2,0.04,31.0,111.0,0.99174,3.18,0.53,11.1,142,6.0
7.7,0.27,0.49,3.8,0.037000000000000005,46.0,139.0,0.99116,3.04,0.38,11.6,143,6.5
7.9,0.19,0.26,2.1,0.039,8.0,143.0,0.9942,3.05,0.74,9.8,144,5.4
5.7,0.28,0.35,1.2,0.052000000000000005,39.0,141.0,0.99108,3.44,0.69,11.3,145,6.2
7.8,0.3,0.74,1.8,0.033,33.0,156.0,0.991,3.29,0.52,12.8,146,6.8
7.1,0.34,0.15,1.2,0.053,61.0,183.0,0.9936,3.09,0.43,9.2,147,5.4
6.6,0.25,0.31,12.4,0.059000000000000004,52.0,181.0,0.9984,3.51,0.47,9.8,148,5.3
6.2,0.27,0.32,6.3,0.048,47.0,159.0,0.99282,3.21,0.6,11.0,149,6.3
6.8,0.24,0.38,8.3,0.045,50.0,185.0,0.9957799999999999,3.15,0.5,9.5,150,5.8
6.3,0.37,0.28,6.3,0.034,45.0,152.0,0.9921,3.29,0.46,11.6,151,6.9
8.0,0.23,0.41,1.1,0.048,35.0,150.0,0.9916799999999999,3.09,0.47,11.2,152,5.9
5.9,0.2,0.4,1.3,0.047,23.0,92.0,0.9923200000000001,3.2,0.45,10.0,153,5.6
10.0,0.2,0.39,1.4,0.05,19.0,152.0,0.9940000000000001,3.0,0.42,10.4,154,5.8
6.9,0.34,0.36,1.4,0.032,13.0,145.0,0.9921399999999999,3.07,0.52,9.8,155,5.4
7.0,0.32,0.29,7.6,0.025,35.0,124.0,0.9916200000000001,3.15,0.65,12.8,156,6.9
7.9,0.28,0.41,2.0,0.044000000000000004,50.0,152.0,0.9934,3.45,0.49,10.7,157,5.5
6.6,0.64,0.28,4.4,0.032,19.0,78.0,0.99036,3.11,0.62,12.9,158,6.2
6.8,0.37,0.51,11.8,0.044000000000000004,62.0,163.0,0.9976,3.19,0.44,8.8,159,5.0
8.8,0.33,0.44,6.35,0.024,9.0,87.0,0.9917,2.96,0.4,12.6,160,6.0
6.8,0.18,0.28,9.8,0.039,29.0,113.0,0.99406,3.11,0.45,10.9,161,6.8
6.2,0.36,0.27,3.2,0.032,13.0,73.0,0.9894200000000001,2.9,0.69,12.6,162,6.6
9.2,0.28,0.46,3.2,0.057999999999999996,39.0,133.0,0.996,3.14,0.58,9.5,163,5.1
6.9,0.22,0.32,5.8,0.040999999999999995,20.0,119.0,0.9929600000000001,3.17,0.55,11.2,164,5.9
7.4,0.25,0.29,6.8,0.02,31.0,113.0,0.9933799999999999,3.13,0.29,10.8,165,5.8
7.5,0.28,0.41,1.3,0.044000000000000004,11.0,126.0,0.99293,3.28,0.45,10.3,166,5.0
5.7,0.22,0.2,16.0,0.044000000000000004,41.0,113.0,0.9986200000000001,3.22,0.46,8.9,167,5.8
6.5,0.19,0.26,5.2,0.04,31.0,140.0,0.995,3.26,0.68,9.5,168,5.9
6.5,0.21,0.51,17.6,0.045,34.0,125.0,0.99966,3.2,0.47,8.8,169,5.9
6.9,0.22,0.32,9.3,0.04,22.0,110.0,0.9958,3.34,0.54,10.7,170,6.2
7.4,0.29,0.29,1.6,0.045,53.0,180.0,0.9936,3.34,0.68,10.5,171,5.8
5.4,0.595,0.1,2.8,0.042,26.0,80.0,0.9932,3.36,0.38,9.3,172,4.6
8.2,0.23,0.49,0.9,0.057,15.0,73.0,0.9928,3.07,0.38,10.4,173,5.5
5.7,0.33,0.32,1.4,0.043,28.0,93.0,0.9897,3.31,0.5,12.3,174,6.7
6.4,0.3,0.27,5.0,0.057999999999999996,27.0,151.0,0.99198,3.22,0.49,12.2,175,7.3
6.4,0.13,0.47,1.6,0.092,40.0,158.0,0.9928,3.21,0.36,9.8,176,6.1
7.0,0.32,0.29,4.9,0.036000000000000004,41.0,150.0,0.9916799999999999,3.38,0.43,12.2,177,6.7
7.6,0.31,0.27,5.8,0.036000000000000004,23.0,109.0,0.9939899999999999,3.34,0.54,11.0,178,6.1
7.2,0.22,0.24,1.4,0.040999999999999995,17.0,159.0,0.9919600000000001,3.25,0.53,11.2,179,6.1
7.7,0.24,0.31,1.3,0.047,33.0,106.0,0.993,3.22,0.55,10.8,180,5.9
5.7,0.18,0.36,1.2,0.046,9.0,71.0,0.9919899999999999,3.7,0.68,10.9,181,5.8
7.7,0.25,0.3,7.8,0.038,67.0,196.0,0.99555,3.1,0.5,10.1,182,5.3
6.9,0.4,0.37,8.9,0.053,36.0,148.0,0.996,3.16,0.5,9.3,183,5.4
6.5,0.43,0.28,11.25,0.032,31.0,87.0,0.9922,3.02,0.38,12.4,184,6.7
7.4,0.33,0.26,15.6,0.049,67.0,210.0,0.9990700000000001,3.06,0.68,9.5,185,5.0
6.4,0.3,0.3,2.25,0.038,8.0,210.0,0.9937,3.2,0.62,9.9,186,4.6
6.6,0.18,0.28,1.7,0.040999999999999995,53.0,161.0,0.9920700000000001,3.13,0.45,10.2,187,6.3
5.9,0.44,0.33,1.2,0.049,12.0,117.0,0.99134,3.46,0.44,11.5,188,6.1
6.9,0.32,0.26,8.3,0.053,32.0,180.0,0.9965,3.25,0.51,9.2,189,5.9
5.8,0.29,0.15,1.1,0.028999999999999998,12.0,83.0,0.9898,3.3,0.4,11.4,190,5.8
7.4,0.16,0.27,15.5,0.05,25.0,135.0,0.9984,2.9,0.43,8.7,191,6.9
7.3,0.26,0.33,11.8,0.057,48.0,127.0,0.9969299999999999,3.1,0.55,10.0,192,5.9
5.4,0.53,0.16,2.7,0.036000000000000004,34.0,128.0,0.98856,3.2,0.53,13.2,193,7.7
5.9,0.28,0.39,1.4,0.031,47.0,147.0,0.98836,3.08,0.64,12.9,194,7.3
6.4,0.105,0.29,1.1,0.035,44.0,140.0,0.9914200000000001,3.17,0.55,10.7,195,6.6
6.2,0.25,0.25,1.4,0.03,35.0,105.0,0.9912,3.3,0.44,11.1,196,6.7
7.4,0.22,0.26,8.8,0.027000000000000003,23.0,112.0,0.9931,2.98,0.41,11.4,197,6.8
6.9,0.4,0.17,12.9,0.033,59.0,186.0,0.99754,3.08,0.49,9.4,198,5.0
6.9,0.2,0.37,6.2,0.027000000000000003,24.0,97.0,0.992,3.38,0.49,12.2,199,7.5
7.2,0.39,0.54,1.4,0.157,34.0,132.0,0.99449,3.11,0.53,9.0,200,5.2
6.6,0.33,0.32,15.6,0.054000000000000006,62.0,227.0,0.99734,3.25,0.56,10.4,201,5.6
6.9,0.35,0.39,2.4,0.048,25.0,157.0,0.9913299999999999,3.2,0.54,11.1,202,6.1
6.6,0.22,0.23,17.3,0.047,37.0,118.0,0.9990600000000001,3.08,0.46,8.8,203,5.9
7.2,0.33,0.28,1.4,0.034,26.0,109.0,0.99246,3.28,0.57,10.6,204,6.1
6.4,0.26,0.22,5.1,0.037000000000000005,23.0,131.0,0.9944,3.29,0.32,10.1,205,5.9
7.0,0.31,0.52,1.7,0.028999999999999998,5.0,61.0,0.9918,3.07,0.43,10.4,206,4.9
6.9,0.31,0.32,1.2,0.024,20.0,166.0,0.99208,3.05,0.54,9.8,207,5.5
5.7,0.25,0.21,1.5,0.044000000000000004,21.0,108.0,0.9914200000000001,3.3,0.59,11.0,208,5.9
7.4,0.24,0.22,10.7,0.042,26.0,81.0,0.9954,2.86,0.36,9.7,209,5.4
6.5,0.33,0.28,6.1,0.018000000000000002,41.0,103.0,0.9912200000000001,3.24,0.32,12.2,210,6.3
7.3,0.17,0.36,8.2,0.027999999999999997,44.0,111.0,0.99272,3.14,0.41,12.4,211,6.4
9.0,0.29,0.34,12.1,0.03,34.0,177.0,0.9970600000000001,3.13,0.47,10.6,212,5.5
7.7,0.26,0.51,2.6,0.045,26.0,159.0,0.99126,3.0,0.5,11.2,213,6.1
8.4,0.16,0.33,1.5,0.033,16.0,98.0,0.9940000000000001,3.14,0.42,9.7,214,5.2
6.7,0.19,0.39,1.0,0.032,14.0,71.0,0.9891200000000001,3.31,0.38,13.0,215,6.8
8.0,0.22,0.32,10.4,0.043,63.0,201.0,0.997,3.11,0.53,9.5,216,5.8
6.9,0.19,0.38,1.15,0.023,30.0,105.0,0.9904700000000001,3.11,0.38,11.4,217,6.1
6.3,0.28,0.3,3.1,0.039,24.0,115.0,0.9942,3.05,0.43,8.6,218,5.5
6.8,0.32,0.18,7.5,0.040999999999999995,71.0,223.0,0.9959,3.14,0.41,8.9,219,4.8
6.4,0.28,0.22,12.8,0.039,51.0,150.0,0.99535,3.23,0.43,10.7,220,6.4
7.7,0.24,0.27,1.8,0.051,52.0,190.0,0.9928,3.23,0.5,10.8,221,6.0
6.6,0.39,0.28,9.2,0.036000000000000004,10.0,92.0,0.99206,3.07,0.35,12.1,222,5.2
6.1,0.36,0.58,15.0,0.044000000000000004,42.0,115.0,0.9978,3.15,0.51,9.0,223,5.2
7.0,0.29,0.33,0.9,0.040999999999999995,20.0,117.0,0.9904799999999999,3.21,0.5,11.4,224,5.7
7.4,0.19,0.3,12.8,0.053,48.5,229.0,0.9986,3.14,0.49,9.1,225,6.7
7.5,0.32,0.49,1.7,0.031,44.0,109.0,0.9906,3.07,0.46,12.5,226,6.7
6.4,0.28,0.56,1.7,0.156,49.0,106.0,0.99354,3.1,0.37,9.2,227,5.8
6.0,0.21,0.3,8.7,0.036000000000000004,47.0,127.0,0.9936799999999999,3.18,0.39,10.6,228,6.2
8.5,0.17,0.74,3.6,0.05,29.0,128.0,0.9928,3.28,0.4,12.4,229,6.3
6.0,0.19,0.26,12.4,0.048,50.0,147.0,0.9972,3.3,0.36,8.9,230,6.1
7.3,0.19,0.25,1.4,0.051,41.0,107.0,0.99382,3.53,0.66,10.5,231,7.0
7.4,0.18,0.36,13.1,0.055999999999999994,72.0,163.0,1.0,3.42,0.35,9.1,232,6.9
7.8,0.26,0.49,3.2,0.027000000000000003,28.0,87.0,0.9919,3.03,0.32,11.3,233,6.7
8.5,0.15,0.49,1.5,0.031,17.0,122.0,0.9932,3.03,0.4,10.3,234,5.6
4.5,0.19,0.21,0.95,0.033,89.0,159.0,0.9933200000000001,3.34,0.42,8.0,235,5.7
6.4,0.105,0.29,1.1,0.035,44.0,140.0,0.9914200000000001,3.17,0.55,10.7,236,6.6
7.1,0.44,0.27,8.4,0.057,60.0,160.0,0.9925700000000001,3.16,0.36,11.8,237,6.3
6.8,0.18,0.46,1.4,0.064,37.0,160.0,0.9924,3.37,0.45,11.1,238,5.9
7.3,0.3,0.22,6.4,0.055999999999999994,44.0,168.0,0.9947,3.13,0.35,10.1,239,5.8
4.8,0.65,0.12,1.1,0.013000000000000001,4.0,10.0,0.99246,3.32,0.36,13.5,240,5.4
6.6,0.22,0.23,17.3,0.047,37.0,118.0,0.9990600000000001,3.08,0.46,8.8,241,5.9
7.2,0.39,0.62,11.0,0.047,66.0,178.0,0.9976,3.16,0.5,8.7,242,5.5
8.2,0.23,0.4,7.5,0.049,12.0,76.0,0.9966,3.06,0.84,9.7,243,6.2
7.2,0.23,0.46,6.4,0.036000000000000004,17.0,85.0,0.99279,3.1,0.78,11.7,244,6.3
6.5,0.26,0.39,1.4,0.02,12.0,66.0,0.9908899999999999,3.25,0.75,11.3,245,5.9
7.0,0.2,0.3,6.1,0.037000000000000005,31.0,120.0,0.9939,3.24,0.51,10.8,246,6.1
5.9,0.415,0.13,1.4,0.04,11.0,64.0,0.9922,3.29,0.52,10.5,247,5.3
7.6,0.47,0.49,13.0,0.239,42.0,220.0,0.9988,2.96,0.51,9.2,248,5.0
5.3,0.3,0.16,4.2,0.028999999999999998,37.0,100.0,0.9905,3.3,0.36,11.8,249,6.4
6.4,0.105,0.29,1.1,0.035,44.0,140.0,0.9914200000000001,3.17,0.55,10.7,250,6.6
6.6,0.16,0.25,9.8,0.049,59.5,137.0,0.995,3.16,0.38,10.0,251,5.9
7.3,0.21,0.29,1.6,0.034,29.0,118.0,0.9917,3.3,0.5,11.0,252,7.6
6.7,0.16,0.32,12.5,0.035,18.0,156.0,0.99666,2.88,0.36,9.0,253,5.9
6.8,0.18,0.3,12.8,0.062,19.0,171.0,0.99808,3.0,0.52,9.0,254,7.0
6.9,0.19,0.6,4.0,0.037000000000000005,6.0,122.0,0.99255,2.92,0.59,10.4,255,5.7
7.2,0.34,0.44,4.2,0.047,51.0,144.0,0.991,3.01,0.76,12.3,256,7.5
6.1,0.28,0.22,1.8,0.034,32.0,116.0,0.9898,3.36,0.44,12.6,257,6.2
6.8,0.29,0.49,1.4,0.142,52.0,148.0,0.9937,3.08,0.49,9.0,258,5.2
5.6,0.695,0.06,6.8,0.042,9.0,84.0,0.9943200000000001,3.44,0.44,10.2,259,5.0
6.3,0.19,0.33,10.1,0.063,63.0,133.0,0.99561,2.86,0.41,9.1,260,5.6
7.8,0.24,0.18,6.7,0.046,33.0,160.0,0.9963,3.2,0.56,9.8,261,5.9
7.1,0.3,0.36,6.8,0.055,44.5,234.0,0.9972,3.49,0.64,10.2,262,5.5
6.3,0.495,0.22,1.8,0.046,31.0,140.0,0.9929,3.39,0.54,10.4,263,5.5
6.6,0.19,0.43,10.9,0.045,53.0,154.0,0.9975200000000001,3.52,0.77,10.4,264,6.2
6.1,0.33,0.3,3.0,0.036000000000000004,30.0,124.0,0.9892200000000001,3.31,0.4,13.1,265,6.7
7.4,0.38,0.34,8.3,0.052000000000000005,44.0,168.0,0.9962700000000001,3.11,0.52,9.2,266,5.4
6.6,0.35,0.29,14.4,0.044000000000000004,54.0,177.0,0.9991,3.17,0.58,8.9,267,5.6
9.3,0.34,0.49,7.3,0.052000000000000005,30.0,146.0,0.998,3.17,0.61,10.2,268,5.2
7.1,0.14,0.35,1.4,0.039,24.0,128.0,0.9921200000000001,2.97,0.68,10.4,269,6.5
6.6,0.24,0.38,8.0,0.042,56.0,187.0,0.99577,3.21,0.46,9.2,270,5.5
7.3,0.25,0.41,1.8,0.037000000000000005,52.0,165.0,0.9911,3.29,0.39,12.2,271,7.1
6.8,0.18,0.32,7.2,0.047,17.0,109.0,0.99498,3.42,0.44,10.4,272,5.8
7.6,0.22,0.28,12.0,0.055999999999999994,68.0,143.0,0.9983,2.99,0.3,9.2,273,5.3
7.2,0.24,0.4,17.85,0.049,50.0,185.0,1.0,3.34,0.42,9.6,274,5.3
7.6,0.36,0.44,8.3,0.255,28.0,142.0,0.9958,3.12,0.43,10.2,275,5.5
6.0,0.29,0.25,1.4,0.033,30.0,114.0,0.9879399999999999,3.08,0.43,13.2,276,6.1
6.4,0.26,0.42,9.7,0.044000000000000004,30.0,140.0,0.9962,3.18,0.47,9.1,277,5.8
7.4,0.26,0.31,2.4,0.043,58.0,178.0,0.9941,3.42,0.68,10.6,278,5.7
9.2,0.35,0.39,0.9,0.042,15.0,61.0,0.9924,2.96,0.28,10.4,279,5.2
6.8,0.31,0.09,1.4,0.04,56.0,145.0,0.9922,3.19,0.46,10.0,280,5.3
7.0,0.36,0.32,10.5,0.045,35.0,135.0,0.9935,3.09,0.33,11.6,281,7.5
6.0,0.16,0.3,6.7,0.043,43.0,153.0,0.9951,3.63,0.46,10.6,282,5.9
7.8,0.18,0.46,13.6,0.052000000000000005,38.0,118.0,0.998,3.15,0.5,10.0,283,5.6
7.2,0.23,0.32,8.5,0.057999999999999996,47.0,186.0,0.9956,3.19,0.4,9.9,284,5.6
7.2,0.28,0.38,2.0,0.052000000000000005,23.0,156.0,0.9912,3.13,0.52,11.1,285,6.0
6.0,0.16,0.36,1.6,0.042,13.0,61.0,0.9914299999999999,3.22,0.54,10.8,286,6.0
6.4,0.29,0.44,3.6,0.19699999999999998,75.0,183.0,0.9942,3.01,0.38,9.1,287,5.3
6.4,0.24,0.49,5.8,0.053,25.0,120.0,0.9942,3.01,0.98,10.5,288,5.7
7.1,0.37,0.3,6.2,0.04,49.0,139.0,0.99021,3.17,0.27,13.6,289,6.5
6.2,0.3,0.33,3.5,0.037000000000000005,37.0,155.0,0.98987,3.18,0.37,12.4,290,7.0
6.3,0.34,0.28,14.7,0.047,49.0,198.0,0.9977,3.23,0.46,9.5,291,6.0
6.1,0.34,0.29,2.2,0.036000000000000004,25.0,100.0,0.9893799999999999,3.06,0.44,11.8,292,6.1
6.6,0.21,0.38,2.2,0.026000000000000002,40.0,104.0,0.9914,3.25,0.4,11.1,293,6.7
5.0,0.24,0.19,5.0,0.043,17.0,101.0,0.9943799999999999,3.67,0.57,10.0,294,5.3
8.3,0.18,0.3,1.1,0.033,20.0,57.0,0.9910899999999999,3.02,0.51,11.0,295,5.6
6.4,0.21,0.21,5.1,0.09699999999999999,21.0,105.0,0.9939,3.07,0.46,9.6,296,5.9
7.0,0.22,0.32,1.6,0.045,40.0,120.0,0.9914,2.98,0.44,10.5,297,6.1
7.4,0.24,0.29,10.1,0.05,21.0,105.0,0.9962,3.13,0.35,9.5,298,5.2
6.6,0.56,0.22,8.9,0.034,27.0,133.0,0.99675,3.2,0.51,9.1,299,5.4
10.3,0.25,0.48,2.2,0.042,28.0,164.0,0.998,3.19,0.59,9.7,300,5.1
6.5,0.19,0.28,1.4,0.046,22.0,90.0,0.9903799999999999,3.18,0.51,11.7,301,6.0
6.6,0.13,0.29,13.9,0.055999999999999994,33.0,95.0,0.99702,3.17,0.39,9.4,302,6.1
6.9,0.23,0.24,14.2,0.053,19.0,94.0,0.9982,3.17,0.5,9.6,303,6.1
6.9,0.19,0.35,1.7,0.036000000000000004,33.0,101.0,0.99315,3.21,0.54,10.8,304,6.5
6.3,0.32,0.26,12.3,0.044000000000000004,24.0,205.0,0.99611,3.11,0.58,9.9,305,5.6
8.6,0.26,0.41,2.2,0.049,29.0,111.0,0.9941,2.96,0.44,10.0,306,5.7
6.0,0.32,0.32,4.8,0.040999999999999995,40.0,186.0,0.99235,3.22,0.54,11.0,307,6.0
6.8,0.22,0.37,15.2,0.051,68.0,178.0,0.99935,3.4,0.85,9.3,308,5.6
5.5,0.485,0.0,1.5,0.065,8.0,103.0,0.9940000000000001,3.63,0.4,9.7,309,4.7
7.4,0.16,0.3,13.7,0.055999999999999994,33.0,168.0,0.99825,2.9,0.44,8.7,310,7.1
7.6,0.16,0.44,1.4,0.043,25.0,109.0,0.9932,3.11,0.75,10.3,311,6.1
6.6,0.17,0.38,1.5,0.032,28.0,112.0,0.9914,3.25,0.55,11.4,312,6.4
7.0,0.12,0.29,10.3,0.039,41.0,98.0,0.99564,3.19,0.38,9.8,313,7.3
6.8,0.24,0.37,7.45,0.043,59.0,188.0,0.99579,3.2,0.5,9.4,314,5.6
7.2,0.18,0.45,4.4,0.046,57.0,166.0,0.9943,3.13,0.62,11.2,315,6.7
6.3,0.34,0.19,5.8,0.040999999999999995,22.0,145.0,0.9943,3.15,0.63,9.9,316,5.3
6.8,0.3,0.33,12.8,0.040999999999999995,60.0,168.0,0.99659,3.1,0.56,9.8,317,5.7
5.7,0.21,0.32,0.9,0.038,38.0,121.0,0.99074,3.24,0.46,10.6,318,6.3
6.5,0.23,0.25,17.3,0.046,15.0,110.0,0.99828,3.15,0.42,9.2,319,5.6
5.5,0.29,0.3,1.1,0.022000000000000002,20.0,110.0,0.98869,3.34,0.38,12.8,320,6.9
6.1,0.32,0.25,1.7,0.034,37.0,136.0,0.992,3.47,0.5,10.8,321,5.9
6.6,0.34,0.25,4.8,0.038,16.0,121.0,0.99198,3.36,0.71,12.6,322,6.4
9.9,1.005,0.46,1.4,0.046,34.0,185.0,0.9966,3.02,0.49,10.2,323,5.2
7.7,0.15,0.29,1.3,0.028999999999999998,10.0,64.0,0.9932,3.35,0.39,10.1,324,5.2
5.7,0.14,0.3,5.4,0.045,26.0,105.0,0.99469,3.32,0.45,9.3,325,5.8
7.6,0.3,0.22,10.2,0.049,57.0,191.0,0.9966,3.08,0.4,9.3,326,5.8
7.1,0.17,0.4,14.55,0.047,47.0,156.0,0.99945,3.34,0.78,9.1,327,5.1
6.1,0.27,0.43,7.5,0.049,65.0,243.0,0.9957,3.12,0.47,9.0,328,5.3
6.5,0.44,0.49,7.7,0.045,16.0,169.0,0.9957,3.11,0.37,8.7,329,5.4
7.3,0.25,0.29,7.5,0.049,38.0,158.0,0.9965,3.43,0.38,9.6,330,5.6
5.4,0.23,0.36,1.5,0.03,74.0,121.0,0.9897600000000001,3.24,0.99,12.1,331,7.2
7.8,0.21,0.34,11.9,0.039,55.0,140.0,0.9959,3.02,0.31,10.3,332,5.4
7.7,0.46,0.18,3.3,0.054000000000000006,18.0,143.0,0.99392,3.12,0.51,10.8,333,5.2
6.5,0.22,0.19,1.1,0.064,36.0,191.0,0.99297,3.05,0.5,9.5,334,6.2
8.6,0.23,0.46,1.0,0.054000000000000006,9.0,72.0,0.9941,2.95,0.49,9.1,335,4.9
6.1,0.23,0.27,9.8,0.055,74.0,134.0,0.99534,3.16,0.4,10.2,336,5.3
5.7,0.15,0.47,11.4,0.035,49.0,128.0,0.99456,3.03,0.34,10.5,337,6.5
5.6,0.12,0.33,2.9,0.044000000000000004,21.0,73.0,0.9889600000000001,3.17,0.32,12.9,338,6.4
6.8,0.24,0.34,2.7,0.047,64.5,218.5,0.9934,3.3,0.58,9.7,339,6.3
7.3,0.49,0.32,5.2,0.043,18.0,104.0,0.9952,3.24,0.45,10.7,340,5.2
6.3,0.24,0.55,8.1,0.04,67.0,216.0,0.9959600000000001,3.24,0.5,9.2,341,5.5
8.4,0.2,0.38,11.8,0.055,51.0,170.0,1.0004,3.34,0.82,8.9,342,6.4
5.3,0.31,0.38,10.5,0.031,53.0,140.0,0.99321,3.34,0.46,11.7,343,6.3
6.8,0.39,0.31,14.35,0.043,28.0,162.0,0.9988,3.17,0.54,9.1,344,5.6
7.9,0.22,0.24,4.6,0.044000000000000004,39.0,159.0,0.9927,2.99,0.28,11.5,345,6.4
6.2,0.18,0.3,1.0,0.031,23.0,73.0,0.9903200000000001,3.23,0.52,11.3,346,6.2
5.4,0.29,0.47,3.0,0.052000000000000005,47.0,145.0,0.993,3.29,0.75,10.0,347,5.0
6.0,0.17,0.33,6.0,0.036000000000000004,30.0,111.0,0.9936200000000001,3.32,0.58,10.15,348,6.8
6.8,0.21,0.27,18.15,0.042,41.0,146.0,1.0001,3.3,0.36,8.7,349,5.0
7.2,0.25,0.28,14.4,0.055,55.0,205.0,0.9986,3.12,0.38,9.0,350,6.7
8.3,0.49,0.23,6.65,0.034,6.0,158.0,0.99344,3.05,0.48,11.2,351,5.5
6.4,0.31,0.28,1.5,0.037000000000000005,12.0,119.0,0.9919,3.32,0.51,10.4,352,6.9
6.2,0.37,0.22,8.3,0.025,36.0,216.0,0.9964,3.33,0.6,9.6,353,5.4
5.5,0.18,0.22,5.5,0.037000000000000005,10.0,86.0,0.99156,3.46,0.44,12.2,354,6.1
7.1,0.26,0.37,5.5,0.025,31.0,105.0,0.99082,3.06,0.33,12.6,355,6.6
5.8,0.27,0.26,3.5,0.071,26.0,69.0,0.9899399999999999,3.1,0.38,11.5,356,5.9
6.4,0.17,0.34,1.5,0.091,42.0,135.0,0.9938,3.25,0.49,9.6,357,6.0
7.2,0.34,0.34,12.6,0.048,7.0,41.0,0.9942,3.19,0.4,11.7,358,4.8
5.7,0.21,0.24,2.3,0.047,60.0,189.0,0.995,3.65,0.72,10.1,359,5.8
9.0,0.55,0.3,8.1,0.026000000000000002,14.0,71.0,0.993,2.94,0.36,11.8,360,5.4
8.3,0.18,0.37,1.2,0.049,6.0,94.0,0.9937,3.18,0.52,10.1,361,5.1
6.6,0.34,0.4,8.1,0.046,68.0,170.0,0.9949399999999999,3.15,0.5,9.533333333,362,5.8
7.2,0.31,0.5,13.3,0.055999999999999994,68.0,195.0,0.9982,3.01,0.47,9.2,363,5.3
6.0,0.26,0.29,1.0,0.032,27.0,96.0,0.9896,3.38,0.44,12.3,364,6.6
6.4,0.145,0.49,5.4,0.048,54.0,164.0,0.9946,3.56,0.44,10.8,365,5.9
6.8,0.35,0.53,10.1,0.053,37.0,151.0,0.9963,3.07,0.4,9.4,366,5.1
6.5,0.41,0.22,4.8,0.052000000000000005,49.0,142.0,0.9946,3.14,0.62,9.2,367,5.3
7.4,0.23,0.25,1.4,0.049,43.0,141.0,0.9934,3.42,0.54,10.2,368,6.1
6.5,0.29,0.25,10.6,0.039,32.0,120.0,0.9962,3.31,0.34,10.1,369,5.8
7.7,0.18,0.3,1.2,0.046,49.0,199.0,0.99413,3.03,0.38,9.3,370,5.9
5.3,0.32,0.23,9.65,0.026000000000000002,26.0,119.0,0.9916799999999999,3.18,0.53,12.2,371,7.1
7.7,0.11,0.34,14.05,0.04,41.0,114.0,0.99634,3.07,0.59,11.0,372,6.1
6.8,0.46,0.26,6.3,0.147,49.0,159.0,0.99434,3.14,0.47,10.0,373,5.0
6.9,0.56,0.26,10.9,0.06,55.0,193.0,0.9969,3.21,0.44,9.4,374,5.2
5.8,0.23,0.31,4.5,0.046,42.0,124.0,0.99324,3.31,0.64,10.8,375,6.1
8.1,0.28,0.46,15.4,0.059000000000000004,32.0,177.0,1.0004,3.27,0.58,9.0,376,5.4
7.0,0.44,0.24,12.1,0.055999999999999994,68.0,210.0,0.99718,3.05,0.5,9.5,377,5.1
7.1,0.22,0.74,2.7,0.044000000000000004,42.0,144.0,0.991,3.31,0.41,12.2,378,6.3
7.0,0.24,0.24,1.8,0.047,29.0,91.0,0.99251,3.3,0.43,9.9,379,5.9
7.4,0.15,0.42,1.7,0.045,49.0,154.0,0.992,3.0,0.6,10.4,380,6.9
6.15,0.21,0.37,3.2,0.021,20.0,80.0,0.9907600000000001,3.39,0.47,12.0,381,5.5
5.0,0.2,0.4,1.9,0.015,20.0,98.0,0.9897,3.37,0.55,12.05,382,6.2
5.0,0.27,0.4,1.2,0.076,42.0,124.0,0.9920399999999999,3.32,0.47,10.1,383,5.3
5.6,0.26,0.5,11.4,0.028999999999999998,25.0,93.0,0.9942799999999999,3.23,0.49,10.5,384,6.7
7.1,0.2,0.3,0.9,0.019,4.0,28.0,0.98931,3.2,0.36,12.0,385,6.0
7.4,0.25,0.37,13.5,0.06,52.0,192.0,0.9975,3.0,0.44,9.1,386,5.7
6.5,0.25,0.5,7.6,0.047,54.0,184.0,0.99572,3.17,0.45,9.2,387,5.2
6.9,0.33,0.21,1.0,0.053,39.0,148.0,0.9927,3.12,0.45,9.4,388,5.0
7.4,0.25,0.37,2.6,0.05,24.0,132.0,0.9913799999999999,3.04,0.53,11.2,389,5.9
8.0,0.2,0.44,1.0,0.057,24.0,111.0,0.9915799999999999,3.09,0.32,11.2,390,6.0
8.0,0.25,0.49,9.0,0.044000000000000004,31.0,185.0,0.998,3.34,0.49,10.0,391,5.8
7.8,0.26,0.31,3.6,0.025,22.0,100.0,0.99066,2.99,0.47,12.1,392,6.9
7.4,0.3,0.49,8.2,0.055,49.0,188.0,0.9974,3.52,0.58,9.7,393,5.7
8.0,0.27,0.24,1.2,0.044000000000000004,20.0,102.0,0.9929,3.28,0.42,10.9,394,5.1
5.0,0.55,0.14,8.3,0.032,35.0,164.0,0.9918,3.53,0.51,12.5,395,6.6
6.4,0.23,0.35,10.3,0.042,54.0,140.0,0.9967,3.23,0.47,9.2,396,5.4
6.9,0.36,0.35,8.6,0.038,37.0,125.0,0.9916,3.0,0.32,12.4,397,7.1
7.8,0.49,0.49,7.0,0.043,29.0,149.0,0.9952,3.21,0.33,10.0,398,5.3
5.6,0.23,0.29,3.1,0.023,19.0,89.0,0.9906799999999999,3.25,0.51,11.2,399,6.4
6.7,0.24,0.41,8.7,0.036000000000000004,29.0,148.0,0.9952,3.22,0.62,9.9,400,6.2
7.0,0.28,0.26,1.7,0.042,34.0,130.0,0.9925,3.43,0.5,10.7,401,6.5
6.4,0.24,0.28,11.5,0.05,34.0,163.0,0.9969,3.31,0.45,9.5,402,5.6
6.6,0.25,0.29,1.1,0.068,39.0,124.0,0.9914,3.34,0.58,11.0,403,5.5
6.9,0.14,0.38,1.0,0.040999999999999995,22.0,81.0,0.9904299999999999,3.03,0.54,11.4,404,6.1
8.1,0.3,0.49,12.3,0.049,50.0,144.0,0.9971,3.09,0.57,10.2,405,5.6
6.4,0.33,0.44,8.9,0.055,52.0,164.0,0.9948799999999999,3.1,0.48,9.6,406,5.2
6.6,0.2,0.27,10.9,0.038,29.0,130.0,0.9949600000000001,3.11,0.44,10.5,407,6.5
7.2,0.25,0.28,14.4,0.055,55.0,205.0,0.9986,3.12,0.38,9.0,408,6.7
8.6,0.37,0.7,12.15,0.039,21.0,158.0,0.9983,3.0,0.73,9.3,409,4.9
8.8,0.2,0.43,15.0,0.053,60.0,184.0,1.0008,3.28,0.79,8.8,410,6.2
6.9,0.22,0.31,6.3,0.028999999999999998,41.0,131.0,0.99326,3.08,0.49,10.8,411,6.6
6.1,0.3,0.47,1.4,0.049,50.0,187.0,0.9927,3.19,0.45,9.5,412,5.0
7.5,0.23,0.68,11.0,0.047,37.0,133.0,0.9978,2.99,0.38,8.8,413,5.0
6.0,0.45,0.65,9.7,0.08,11.0,159.0,0.9956,3.04,0.48,9.4,414,5.0
7.8,0.28,0.31,2.1,0.046,28.0,208.0,0.99434,3.23,0.64,9.8,415,5.2
7.3,0.18,0.31,17.3,0.055,32.0,197.0,1.0002,3.13,0.46,9.0,416,7.0
5.2,0.24,0.45,3.8,0.027000000000000003,21.0,128.0,0.992,3.55,0.49,11.2,417,7.6
5.6,0.27,0.37,0.9,0.025,11.0,49.0,0.98845,3.29,0.33,13.1,418,6.3
7.4,0.2,0.31,1.6,0.038,34.0,116.0,0.9912,3.25,0.39,12.0,419,6.3
6.6,0.435,0.38,9.2,0.057999999999999996,66.0,243.0,0.9983299999999999,3.23,0.54,9.1,420,5.5
7.2,0.25,0.39,18.95,0.038,42.0,155.0,0.9999,2.97,0.47,9.0,421,5.8
7.2,0.35,0.25,5.6,0.032,23.0,120.0,0.99334,2.93,0.66,10.3,422,5.8
7.0,0.16,0.73,1.0,0.138,58.0,150.0,0.9936,3.08,0.3,9.2,423,5.9
6.3,0.2,0.4,1.5,0.037000000000000005,35.0,107.0,0.9917,3.46,0.5,11.4,424,5.9
6.9,0.2,0.4,7.7,0.032,51.0,176.0,0.9939,3.22,0.27,11.4,425,6.6
7.2,0.615,0.1,1.4,0.068,25.0,154.0,0.9949899999999999,3.2,0.48,9.7,426,5.1
7.7,0.32,0.62,10.6,0.036000000000000004,56.0,153.0,0.9978,3.13,0.44,8.9,427,5.6
6.5,0.22,0.32,2.2,0.027999999999999997,36.0,92.0,0.9907600000000001,3.27,0.59,11.9,428,6.6
6.9,0.28,0.33,1.2,0.039,16.0,98.0,0.9904,3.07,0.39,11.7,429,5.5
6.0,0.32,0.3,1.9,0.033,41.0,142.0,0.9891200000000001,3.29,0.42,12.8,430,6.7
5.8,0.13,0.22,12.7,0.057999999999999996,24.0,183.0,0.9956,3.32,0.42,11.7,431,6.2
6.7,0.31,0.34,6.8,0.059000000000000004,51.0,215.0,0.9953799999999999,3.33,0.56,10.3,432,5.8
6.3,0.23,0.5,10.4,0.043,61.0,132.0,0.9954200000000001,2.86,0.46,9.1,433,5.5
7.4,0.41,0.66,10.8,0.051,77.0,194.0,0.9976,3.05,0.46,8.7,434,5.0
7.6,0.26,0.58,7.9,0.040999999999999995,62.0,180.0,0.9966,3.07,0.38,9.0,435,5.2
7.9,0.35,0.36,1.6,0.038,11.0,124.0,0.9928,3.25,0.48,11.0,436,6.0
6.8,0.17,0.34,2.0,0.04,38.0,111.0,0.99,3.24,0.45,12.9,437,6.4
6.0,0.33,0.27,0.8,0.185,12.0,188.0,0.9924,3.12,0.62,9.4,438,4.8
7.2,0.15,0.39,1.8,0.043,21.0,159.0,0.9948,3.52,0.47,10.0,439,6.0
6.8,0.25,0.18,1.4,0.055999999999999994,13.0,137.0,0.9935,3.11,0.42,9.5,440,5.3
6.9,0.29,0.32,5.8,0.04,16.0,112.0,0.993,3.04,0.58,11.2,441,6.3
7.2,0.24,0.3,1.2,0.037000000000000005,11.0,95.0,0.9891399999999999,2.96,0.36,12.5,442,6.2
6.2,0.24,0.35,1.2,0.038,22.0,167.0,0.9912,3.1,0.48,10.6,443,6.6
7.2,0.33,0.34,2.0,0.044000000000000004,61.0,171.0,0.9894700000000001,3.25,0.53,13.3,444,6.7
5.6,0.225,0.24,9.8,0.054000000000000006,59.0,140.0,0.99545,3.17,0.39,10.2,445,5.4
6.7,0.39,0.24,2.7,0.017,22.0,80.0,0.9908399999999999,3.03,0.37,11.5,446,6.6
6.5,0.22,0.72,6.8,0.042,33.0,168.0,0.9958,3.12,0.36,9.2,447,5.4
5.7,0.23,0.28,9.65,0.025,26.0,121.0,0.9925,3.28,0.38,11.3,448,6.8
7.8,0.19,0.26,8.9,0.039,42.0,182.0,0.996,3.18,0.46,9.9,449,6.4
6.3,0.27,0.25,5.8,0.038,52.0,155.0,0.995,3.28,0.38,9.4,450,5.4
6.5,0.13,0.27,2.6,0.035,32.0,76.0,0.9914,3.21,0.76,11.33333333,451,6.3
7.6,0.17,0.27,4.6,0.05,23.0,98.0,0.9942200000000001,3.08,0.47,9.5,452,6.0
6.4,0.34,0.23,6.3,0.039,37.0,143.0,0.9944,3.19,0.65,10.0,453,5.6
7.2,0.21,0.34,11.9,0.043,37.0,213.0,0.9962,3.09,0.5,9.6,454,5.8
7.3,0.38,0.23,6.5,0.05,18.0,102.0,0.9930399999999999,3.1,0.55,11.2,455,6.0
7.3,0.3,0.42,7.35,0.025,51.0,175.0,0.9928,3.04,0.32,11.4,456,6.2
6.2,0.3,0.17,2.8,0.04,24.0,125.0,0.9939,3.01,0.46,9.0,457,5.1
7.1,0.28,0.26,1.9,0.049,12.0,86.0,0.9934,3.15,0.38,9.4,458,5.1
7.2,0.28,0.26,12.5,0.046,48.0,179.0,0.9975,3.1,0.52,9.0,459,5.4
7.9,0.22,0.49,3.8,0.042,26.0,105.0,0.993,3.1,0.39,10.5,460,6.2
6.4,0.21,0.3,5.6,0.044000000000000004,43.0,160.0,0.9949,3.6,0.41,10.6,461,5.7
8.4,0.31,0.31,0.95,0.021,52.0,148.0,0.9903799999999999,2.93,0.32,11.5,462,6.1
6.8,0.26,0.33,1.5,0.047,44.0,167.0,0.9928,3.12,0.44,10.5,463,6.0
6.7,0.31,0.31,9.9,0.04,10.0,175.0,0.9953,3.46,0.55,11.4,464,5.7
5.8,0.555,0.26,4.5,0.053,17.0,126.0,0.9943,3.24,0.46,9.1,465,4.9
6.9,0.23,0.33,12.8,0.055999999999999994,44.0,169.0,0.998,3.42,0.42,9.8,466,5.5
8.6,0.485,0.29,4.1,0.026000000000000002,19.0,101.0,0.9918,3.01,0.38,12.4,467,6.6
6.4,0.22,0.34,1.8,0.057,29.0,104.0,0.9959,3.81,0.57,10.3,468,5.7
6.7,0.41,0.24,5.4,0.035,33.0,115.0,0.9901,3.12,0.44,12.89333333,469,6.7
7.8,0.34,0.35,1.8,0.042,8.0,167.0,0.9908,3.11,0.41,12.1,470,6.1
10.0,0.23,0.27,14.1,0.033,45.0,166.0,0.9988,2.72,0.43,9.7,471,5.5
6.4,0.23,0.32,1.9,0.038,40.0,118.0,0.99074,3.32,0.53,11.8,472,6.4
8.0,0.18,0.37,1.3,0.04,15.0,96.0,0.9912,3.06,0.61,12.1,473,6.2
4.8,0.225,0.38,1.2,0.07400000000000001,47.0,130.0,0.9913200000000001,3.31,0.4,10.3,474,5.5
6.8,0.3,0.27,11.6,0.027999999999999997,22.0,97.0,0.9931399999999999,2.96,0.38,11.7,475,6.9
6.5,0.43,0.28,12.0,0.055999999999999994,23.0,174.0,0.9986,3.31,0.55,9.3,476,5.3
6.2,0.2,0.29,11.8,0.035,21.0,93.0,0.99364,3.18,0.34,11.9,477,6.7
7.4,0.25,0.28,7.25,0.027999999999999997,14.0,78.0,0.9923799999999999,2.94,0.37,11.5,478,5.8
8.5,0.26,0.21,16.2,0.07400000000000001,41.0,197.0,0.998,3.02,0.5,9.8,479,5.7
9.4,0.24,0.29,8.5,0.037000000000000005,124.0,208.0,0.99395,2.9,0.38,11.0,480,4.6
6.4,0.2,0.15,6.6,0.046,26.0,113.0,0.99408,2.99,0.58,9.9,481,6.0
7.6,0.13,0.34,9.3,0.062,40.0,126.0,0.9966,3.21,0.39,9.6,482,5.1
6.4,0.43,0.32,1.4,0.048,10.0,67.0,0.992,3.08,0.41,11.4,483,5.7
6.4,0.18,0.74,11.9,0.046,54.0,168.0,0.9978,3.58,0.68,10.1,484,5.6
6.8,0.26,0.43,11.75,0.045,53.0,198.0,0.9969,3.26,0.55,9.5,485,6.0
8.4,0.22,0.3,8.9,0.024,17.0,118.0,0.99456,2.99,0.34,10.5,486,6.2
6.2,0.3,0.32,1.3,0.054000000000000006,27.0,183.0,0.99266,3.3,0.43,10.1,487,5.5
5.7,0.22,0.25,1.1,0.05,97.0,175.0,0.9909899999999999,3.44,0.62,11.1,488,6.2
6.5,0.37,0.33,3.9,0.027000000000000003,40.0,130.0,0.9906,3.28,0.39,12.7,489,6.8
7.7,0.31,0.23,2.0,0.069,29.0,134.0,0.99382,3.11,0.62,9.8,490,5.2
6.5,0.43,0.28,11.25,0.032,31.0,87.0,0.9922,3.02,0.38,12.4,491,6.7
5.9,0.37,0.32,1.6,0.028999999999999998,41.0,102.0,0.98916,3.41,0.55,12.7,492,7.1
5.8,0.22,0.29,0.9,0.034,34.0,89.0,0.98936,3.14,0.36,11.1,493,6.2
6.0,0.34,0.66,15.9,0.046,26.0,164.0,0.9979,3.14,0.5,8.8,494,5.6
9.4,0.29,0.55,2.2,0.05,17.0,119.0,0.9962,3.12,0.69,10.3,495,5.1
5.0,0.24,0.34,1.1,0.034,49.0,158.0,0.98774,3.32,0.32,13.1,496,6.4
6.0,0.16,0.22,1.6,0.042,36.0,106.0,0.9905,3.24,0.32,11.4,497,6.6
7.4,0.19,0.31,14.5,0.045,39.0,193.0,0.9986,3.1,0.5,9.2,498,6.0
6.2,0.24,0.29,13.3,0.039,49.0,130.0,0.9952,3.33,0.46,11.0,499,6.6
5.8,0.28,0.28,4.2,0.044000000000000004,52.0,158.0,0.992,3.35,0.44,10.7,500,6.8
6.7,0.3,0.5,12.1,0.045,38.0,127.0,0.9974,3.04,0.53,8.9,501,5.6
7.1,0.85,0.49,8.7,0.027999999999999997,40.0,184.0,0.9962,3.22,0.36,10.7,502,5.3
6.0,0.28,0.27,15.5,0.036000000000000004,31.0,134.0,0.99408,3.19,0.44,13.0,503,6.7
6.0,0.2,0.32,3.0,0.031,26.0,118.0,0.99134,3.38,0.68,11.2,504,6.1
6.1,0.31,0.26,2.2,0.051,28.0,167.0,0.9926,3.37,0.47,10.4,505,6.3
6.6,0.78,0.5,1.5,0.045,30.0,133.0,0.9910399999999999,3.25,0.48,11.7,506,4.8
6.5,0.27,0.26,8.2,0.042,21.0,133.0,0.9961200000000001,3.43,0.64,9.8,507,4.8
6.0,0.22,0.25,11.1,0.055999999999999994,112.0,177.0,0.9961,3.08,0.36,9.4,508,4.4
6.5,0.27,0.19,6.6,0.045,98.0,175.0,0.99364,3.16,0.34,10.1,509,5.9
6.0,0.35,0.51,1.2,0.028999999999999998,10.0,102.0,0.9903,3.46,0.42,11.9,510,6.0
6.9,0.38,0.29,13.65,0.048,52.0,189.0,0.99784,3.0,0.6,9.5,511,6.2
5.4,0.3,0.3,1.2,0.028999999999999998,25.0,93.0,0.9874200000000001,3.31,0.4,13.6,512,6.1
7.0,0.21,0.31,6.0,0.046,29.0,108.0,0.9939,3.26,0.5,10.8,513,5.7
8.5,0.24,0.47,15.2,0.057,40.0,234.0,1.0005,3.02,0.66,9.0,514,6.3
8.4,0.27,0.3,2.2,0.037000000000000005,36.0,129.0,0.99085,2.89,0.3,11.46666667,515,5.9
6.1,0.28,0.25,17.75,0.044000000000000004,48.0,161.0,0.9993,3.34,0.48,9.5,516,5.5
6.1,0.41,0.0,1.6,0.063,36.0,87.0,0.9914,3.27,0.67,10.8,517,5.9
6.3,0.2,0.26,12.7,0.046,60.0,143.0,0.99526,3.26,0.35,10.8,518,5.2
7.5,0.3,0.32,1.4,0.032,31.0,161.0,0.99154,2.95,0.42,10.5,519,5.4
6.0,0.24,0.27,1.9,0.048,40.0,170.0,0.9938,3.64,0.54,10.0,520,6.2
5.2,0.16,0.34,0.8,0.028999999999999998,26.0,77.0,0.99155,3.25,0.51,10.1,521,5.7
7.4,0.27,0.26,11.8,0.053,55.0,173.0,0.9969899999999999,3.11,0.6,9.8,522,5.6
7.4,0.16,0.27,15.5,0.05,25.0,135.0,0.9984,2.9,0.43,8.7,523,6.9
5.9,0.23,0.24,1.6,0.037000000000000005,32.0,115.0,0.9907600000000001,3.21,0.51,11.4,524,6.8
7.3,0.22,0.41,15.4,0.05,55.0,191.0,1.0,3.32,0.59,8.9,525,5.6
9.2,0.27,0.34,10.5,0.043,49.0,228.0,0.9974,3.04,0.41,10.4,526,5.8
8.1,0.22,0.28,7.7,0.043,57.0,176.0,0.9954,3.12,0.55,10.0,527,6.0
6.9,0.24,0.35,1.0,0.052000000000000005,35.0,146.0,0.993,3.45,0.44,10.0,528,5.6
9.5,0.42,0.41,2.3,0.034,22.0,145.0,0.9951,3.06,0.52,11.0,529,5.4
5.3,0.165,0.24,1.1,0.051,25.0,105.0,0.9925,3.32,0.47,9.1,530,5.6
6.0,0.27,0.15,1.5,0.055999999999999994,35.0,128.0,0.9936,3.12,0.45,8.8,531,5.4
6.2,0.35,0.04,1.2,0.06,23.0,108.0,0.9934,3.26,0.54,9.2,532,5.0
8.1,0.26,0.3,7.8,0.049,39.0,152.0,0.9954,2.99,0.58,10.0,533,6.1
6.9,0.25,0.27,9.05,0.039,37.0,128.0,0.9936,3.27,0.34,11.3,534,6.8
6.3,0.28,0.22,11.5,0.036000000000000004,27.0,150.0,0.99445,3.0,0.33,10.6,535,5.9
6.8,0.18,0.28,9.8,0.039,29.0,113.0,0.99406,3.11,0.45,10.9,536,6.8
9.4,0.23,0.56,16.45,0.063,52.5,282.0,1.00098,3.1,0.51,9.3,537,5.4
6.0,0.2,0.26,14.7,0.045,53.0,125.0,0.998365,2.99,0.69,9.4,538,6.0
7.2,0.19,0.46,3.8,0.040999999999999995,82.0,187.0,0.9932,3.19,0.6,11.2,539,6.1
6.5,0.3,0.29,2.25,0.037000000000000005,8.0,210.0,0.9937,3.19,0.62,9.9,540,4.4
6.8,0.25,0.34,4.7,0.031,34.0,134.0,0.9927,3.21,0.38,10.6,541,6.4
6.4,0.45,0.07,1.1,0.03,10.0,131.0,0.9905,2.97,0.28,10.8,542,5.1
6.6,0.26,0.27,1.5,0.04,19.0,114.0,0.99295,3.36,0.62,10.5,543,5.9
6.9,0.22,0.39,6.0,0.035,44.0,141.0,0.9912299999999999,3.11,0.33,12.5,544,6.3
7.2,0.31,0.26,7.3,0.05,37.0,157.0,0.99625,3.09,0.43,9.0,545,5.3
7.0,0.27,0.74,1.5,0.036000000000000004,27.0,122.0,0.9926,3.35,0.48,11.2,546,6.2
7.6,0.19,0.41,1.1,0.04,38.0,143.0,0.9907,2.92,0.42,11.4,547,6.1
7.8,0.3,0.37,1.3,0.051,16.0,96.0,0.9941,3.32,0.62,10.0,548,5.0
6.3,0.3,0.48,7.4,0.053,34.0,149.0,0.99472,3.18,0.53,9.8,549,5.7
6.0,0.3,0.33,2.1,0.042,31.0,127.0,0.98964,3.32,0.42,12.5,550,6.2
5.8,0.385,0.25,3.7,0.031,38.0,122.0,0.9912799999999999,3.2,0.63,11.2,551,6.9
7.4,0.33,0.26,15.6,0.049,67.0,210.0,0.9990700000000001,3.06,0.68,9.5,552,5.0
6.2,0.28,0.22,7.3,0.040999999999999995,26.0,157.0,0.9957,3.44,0.64,9.8,553,5.1
6.8,0.51,0.3,4.2,0.066,38.0,165.0,0.9945,3.2,0.42,9.1,554,5.0
7.6,0.21,0.6,2.1,0.046,47.0,165.0,0.9936,3.05,0.54,10.1,555,5.9
5.7,0.22,0.22,16.65,0.044000000000000004,39.0,110.0,0.99855,3.24,0.48,9.0,556,6.0
7.0,0.18,0.37,1.5,0.043,16.0,104.0,0.99216,3.18,0.5,10.8,557,6.3
7.4,0.3,0.22,1.4,0.046,16.0,135.0,0.9928,3.08,0.77,10.4,558,5.3
5.5,0.3,0.25,1.9,0.028999999999999998,33.0,118.0,0.98972,3.36,0.66,12.5,559,7.1
6.0,0.33,0.2,1.8,0.031,49.0,159.0,0.9919,3.41,0.53,11.0,560,6.3
6.6,0.23,0.2,11.4,0.044000000000000004,45.0,131.0,0.9960399999999999,2.96,0.51,9.7,561,6.0
6.9,0.29,0.4,19.45,0.043,36.0,156.0,0.9996,2.93,0.47,8.9,562,5.4
6.0,0.28,0.22,12.15,0.048,42.0,163.0,0.9957,3.2,0.46,10.1,563,5.7
6.4,0.22,0.38,9.1,0.044000000000000004,35.0,127.0,0.99326,2.97,0.3,11.0,564,6.9
5.8,0.24,0.39,1.5,0.054000000000000006,37.0,158.0,0.9932,3.21,0.52,9.3,565,5.7
7.6,0.31,0.27,8.8,0.021,57.0,156.0,0.9944200000000001,3.08,0.38,11.0,566,6.1
7.0,0.23,0.42,18.05,0.05,35.0,144.0,0.9999,3.22,0.42,8.8,567,5.9
7.3,0.22,0.4,14.75,0.042,44.5,129.5,0.9998,3.36,0.41,9.1,568,5.3
7.9,0.36,0.53,12.9,0.049,63.0,139.0,0.99792,2.94,0.45,9.1,569,5.3
6.9,0.18,0.3,2.0,0.038,39.0,190.0,0.9914,3.32,0.37,12.2,570,6.7
7.3,0.28,0.54,12.9,0.049,62.0,162.5,0.9984,3.06,0.45,9.1,571,5.6
6.0,0.23,0.34,1.3,0.025,23.0,111.0,0.98961,3.36,0.37,12.7,572,6.7
7.2,0.24,0.27,11.4,0.034,40.0,174.0,0.9977299999999999,3.2,0.44,9.0,573,5.4
7.6,0.21,0.44,1.9,0.036000000000000004,10.0,119.0,0.9913,3.01,0.7,12.8,574,6.1
6.9,0.3,0.36,4.5,0.054000000000000006,31.0,203.0,0.99513,3.4,0.57,10.4,575,5.7
7.2,0.23,0.32,8.5,0.057999999999999996,47.0,186.0,0.9956,3.19,0.4,9.9,576,5.6
6.4,0.24,0.22,1.5,0.038,38.0,157.0,0.9934,3.41,0.55,9.9,577,6.3
7.1,0.2,0.37,1.5,0.049,28.0,129.0,0.99226,3.15,0.52,10.8,578,5.5
7.2,0.21,0.37,1.6,0.049,23.0,94.0,0.9924,3.16,0.48,10.9,579,5.4
6.8,0.27,0.24,4.6,0.098,36.0,127.0,0.9941200000000001,3.15,0.49,9.6,580,5.5
9.0,0.26,0.34,6.7,0.028999999999999998,21.0,162.0,0.99497,3.08,0.5,10.6,581,5.9
6.1,0.2,0.34,9.5,0.040999999999999995,38.0,201.0,0.995,3.14,0.44,10.1,582,5.6
7.4,0.28,0.3,5.3,0.054000000000000006,44.0,161.0,0.9941,3.12,0.48,10.3,583,5.8
7.9,0.21,0.4,1.2,0.039,38.0,107.0,0.992,3.21,0.54,10.8,584,5.7
6.5,0.33,0.32,1.0,0.040999999999999995,39.0,120.0,0.9900399999999999,3.06,0.37,12.2,585,6.7
6.8,0.46,0.26,2.7,0.042,28.0,83.0,0.9911399999999999,3.38,0.51,12.0,586,6.4
6.9,0.15,0.28,4.4,0.028999999999999998,14.0,107.0,0.9934700000000001,3.24,0.46,10.4,587,6.6
7.8,0.3,0.4,1.8,0.027999999999999997,23.0,122.0,0.9914,3.14,0.39,10.9,588,5.6
6.6,0.18,0.26,17.3,0.051,17.0,149.0,0.9984,3.0,0.43,9.4,589,5.9
6.5,0.29,0.52,1.7,0.034,41.0,193.0,0.99223,3.25,0.59,10.4,590,6.1
8.0,0.3,0.28,5.7,0.044000000000000004,31.0,124.0,0.9948,3.16,0.51,10.2,591,5.7
5.1,0.26,0.33,1.1,0.027000000000000003,46.0,113.0,0.98946,3.35,0.43,11.4,592,6.7
6.3,0.22,0.57,1.4,0.20800000000000002,14.0,96.0,0.9932,3.16,0.43,10.0,593,5.6
6.7,0.26,0.49,8.3,0.047,54.0,191.0,0.9954,3.23,0.4,10.3,594,5.6
6.4,0.35,0.2,5.7,0.034,18.0,117.0,0.9944,3.33,0.43,10.1,595,5.4
6.1,0.55,0.15,9.8,0.031,19.0,125.0,0.9957,3.36,0.47,10.2,596,5.6
7.3,0.3,0.33,2.3,0.043,28.0,125.0,0.9908399999999999,3.34,0.44,12.6,597,6.0
6.6,0.24,0.27,1.4,0.057,33.0,152.0,0.9934,3.22,0.56,9.5,598,6.1
7.1,0.27,0.24,12.6,0.044000000000000004,48.0,118.0,0.99726,3.04,0.56,10.0,599,5.9
6.9,0.35,0.74,1.0,0.044000000000000004,18.0,132.0,0.992,3.13,0.55,10.2,600,5.3
7.0,0.2,0.34,5.7,0.035,32.0,83.0,0.9928,3.19,0.46,11.5,601,6.0
7.1,0.36,0.2,1.6,0.271,24.0,140.0,0.99356,3.11,0.63,9.8,602,5.3
6.8,0.21,0.55,14.6,0.053,34.0,159.0,0.99805,2.93,0.44,9.2,603,5.6
6.3,0.24,0.37,1.8,0.031,6.0,61.0,0.9897,3.3,0.34,12.2,604,5.7
6.3,0.38,0.17,8.8,0.08,50.0,212.0,0.99803,3.47,0.66,9.4,605,5.8
6.3,0.2,0.3,5.9,0.034,35.0,152.0,0.9964200000000001,3.47,0.4,8.5,606,6.0
8.0,0.34,0.25,6.4,0.035,38.0,103.0,0.9914799999999999,2.91,0.23,12.2,607,7.1
7.4,0.41,0.34,4.7,0.042,19.0,127.0,0.9953,3.25,0.42,10.4,608,5.4
7.0,0.33,0.78,9.9,0.042,21.0,251.0,0.99435,3.01,0.55,11.0,609,6.4
7.0,0.22,0.33,2.1,0.052000000000000005,15.0,76.0,0.993,3.2,0.41,10.6,610,6.0
5.6,0.205,0.16,12.55,0.051,31.0,115.0,0.99564,3.4,0.38,10.8,611,6.0
6.4,0.23,0.26,8.1,0.054000000000000006,47.0,181.0,0.9954,3.12,0.49,9.4,612,5.2
5.3,0.26,0.23,5.15,0.034,48.0,160.0,0.9952,3.82,0.51,10.5,613,6.9
5.8,0.21,0.32,1.6,0.045,38.0,95.0,0.98946,3.23,0.94,12.4,614,6.2
5.3,0.585,0.07,7.1,0.044000000000000004,34.0,145.0,0.9945,3.34,0.57,9.7,615,5.0
8.0,0.17,0.29,2.4,0.028999999999999998,52.0,119.0,0.98944,3.03,0.33,12.9,616,6.2
7.8,0.22,0.36,1.4,0.055999999999999994,21.0,153.0,0.993,3.2,0.53,10.4,617,5.4
8.0,0.57,0.39,3.9,0.034,22.0,122.0,0.9917,3.29,0.67,12.8,618,6.4
6.0,0.39,0.26,2.7,0.038,39.0,187.0,0.99325,3.41,0.5,10.8,619,5.5
5.8,0.3,0.33,3.5,0.033,25.0,116.0,0.9905700000000001,3.2,0.44,11.7,620,6.7
7.0,0.23,0.33,1.0,0.043,46.0,110.0,0.99118,3.04,0.65,10.8,621,6.9
6.5,0.25,0.45,7.8,0.048,52.0,188.0,0.9957600000000001,3.2,0.53,9.1,622,5.6
6.9,0.31,0.33,12.7,0.038,33.0,116.0,0.9954,3.04,0.65,10.4,623,5.8
6.6,0.23,0.24,3.9,0.045,36.0,138.0,0.9922,3.15,0.64,11.3,624,6.6
6.9,0.28,0.37,9.1,0.037000000000000005,16.0,76.0,0.9948,3.05,0.54,11.1,625,5.7
5.1,0.52,0.06,2.7,0.052000000000000005,30.0,79.0,0.9932,3.32,0.43,9.3,626,5.2
6.2,0.25,0.48,10.0,0.044000000000000004,78.0,240.0,0.99655,3.25,0.47,9.5,627,5.7
4.9,0.235,0.27,11.75,0.03,34.0,118.0,0.9954,3.07,0.5,9.4,628,5.7
6.7,0.22,0.22,1.2,0.038,5.0,124.0,0.99098,3.1,0.37,11.2,629,5.1
6.9,0.18,0.36,1.3,0.036000000000000004,40.0,117.0,0.9934,3.27,0.95,9.5,630,6.3
6.3,0.22,0.34,1.2,0.036000000000000004,32.0,96.0,0.98961,3.06,0.74,11.6,631,6.2
6.7,0.64,0.3,1.2,0.03,18.0,76.0,0.9892,3.16,0.6,12.9,632,6.3
7.0,0.16,0.3,2.6,0.043,34.0,90.0,0.9904700000000001,2.88,0.47,11.2,633,6.1
7.4,0.19,0.3,12.8,0.053,48.5,229.0,0.9986,3.14,0.49,9.1,634,6.7
8.2,0.26,0.49,5.2,0.04,19.0,100.0,0.9941,3.12,0.34,10.1,635,5.5
6.1,0.25,0.28,10.0,0.055,56.0,131.0,0.9940000000000001,3.22,0.35,10.9,636,5.7
6.8,0.27,0.35,7.8,0.048,76.0,197.0,0.9959,3.24,0.43,9.5,637,5.6
7.2,0.43,0.24,6.7,0.057999999999999996,40.0,163.0,0.995,3.2,0.41,9.9,638,5.5
7.5,0.33,0.36,2.6,0.051,26.0,126.0,0.99097,3.32,0.53,12.7,639,6.7
7.2,0.16,0.49,1.3,0.037000000000000005,27.0,104.0,0.9924,3.23,0.57,10.6,640,6.5
6.6,0.54,0.21,16.3,0.055,41.0,182.0,0.9986,3.35,0.54,10.4,641,5.0
6.8,0.17,0.74,2.4,0.053,61.0,182.0,0.9953,3.63,0.76,10.5,642,6.5
6.8,0.34,0.69,1.3,0.057999999999999996,12.0,171.0,0.9931,3.06,0.47,9.7,643,4.9
7.2,0.23,0.39,1.5,0.053,26.0,106.0,0.99166,3.18,0.47,11.1,644,5.8
6.8,0.29,0.56,11.9,0.043,66.0,230.0,0.9972,3.02,0.63,9.3,645,5.7
7.2,0.19,0.39,1.2,0.036000000000000004,32.0,85.0,0.9918,3.16,0.5,10.5,646,6.4
5.6,0.295,0.2,2.2,0.049,18.0,134.0,0.9937799999999999,3.21,0.68,10.0,647,4.9
6.0,0.2,0.38,1.3,0.034,37.0,104.0,0.98865,3.11,0.52,12.7,648,6.6
6.3,0.12,0.36,2.1,0.044000000000000004,47.0,146.0,0.9914,3.27,0.74,11.4,649,6.6
6.9,0.34,0.49,7.3,0.045,61.0,206.0,0.9957,3.09,0.4,9.0,650,5.0
6.4,0.18,0.31,1.6,0.049,36.0,127.0,0.9934,3.6,0.67,10.4,651,6.7
7.0,0.25,0.33,2.1,0.021,17.0,76.0,0.99021,3.26,0.45,12.3,652,6.1
7.2,0.19,0.39,1.2,0.036000000000000004,32.0,85.0,0.9918,3.16,0.5,10.5,653,6.4
7.4,0.22,0.33,2.0,0.045,31.0,101.0,0.9931,3.42,0.55,11.4,654,6.0
7.0,0.15,0.28,14.7,0.051,29.0,149.0,0.99792,2.96,0.39,9.0,655,7.0
7.2,0.23,0.39,14.2,0.057999999999999996,49.0,192.0,0.9979,2.98,0.48,9.0,656,6.6
6.8,0.22,0.41,6.7,0.034,39.0,116.0,0.99245,3.18,0.46,11.5,657,6.6
7.5,0.42,0.19,6.9,0.040999999999999995,62.0,150.0,0.99508,3.23,0.37,10.0,658,5.7
3.9,0.225,0.4,4.2,0.03,29.0,118.0,0.9890000000000001,3.57,0.36,12.8,659,6.4
7.0,0.25,0.45,2.3,0.045,40.0,118.0,0.99064,3.16,0.48,11.9,660,6.5
9.8,0.31,0.49,15.4,0.046,13.0,119.0,1.0004,3.18,0.45,9.5,661,4.6
5.8,0.34,0.16,7.0,0.037000000000000005,26.0,116.0,0.9949,3.46,0.45,10.0,662,5.4
5.7,0.22,0.2,16.0,0.044000000000000004,41.0,113.0,0.9986200000000001,3.22,0.46,8.9,663,5.8
4.8,0.29,0.23,1.1,0.044000000000000004,38.0,180.0,0.98924,3.28,0.34,11.9,664,6.1
5.9,0.33,0.32,8.1,0.038,9.0,34.0,0.9911,3.22,0.36,12.7,665,5.3
7.1,0.47,0.29,14.8,0.024,22.0,142.0,0.99518,3.12,0.48,12.0,666,7.5
8.0,0.61,0.38,12.1,0.301,24.0,220.0,0.9993,2.94,0.48,9.2,667,4.9
7.8,0.39,0.26,9.9,0.059000000000000004,33.0,181.0,0.9955,3.04,0.42,10.9,668,5.9
6.0,0.17,0.29,5.0,0.027999999999999997,25.0,108.0,0.9907600000000001,3.14,0.34,12.3,669,6.6
6.7,0.16,0.37,1.3,0.036000000000000004,45.0,125.0,0.98964,3.19,0.51,12.4,670,6.3
6.7,0.51,0.24,2.1,0.043,14.0,155.0,0.9904,3.22,0.6,13.0,671,6.1
6.9,0.24,0.4,15.4,0.052000000000000005,81.0,198.0,0.9986,3.2,0.69,9.4,672,5.7
8.0,0.55,0.17,8.2,0.04,13.0,60.0,0.9956,3.09,0.3,9.5,673,5.0
6.1,0.27,0.25,1.8,0.040999999999999995,9.0,109.0,0.9929,3.08,0.54,9.0,674,5.3
6.0,0.26,0.15,1.2,0.053,35.0,124.0,0.9934700000000001,3.08,0.46,8.8,675,5.6
8.2,0.18,0.49,1.1,0.033,28.0,81.0,0.9923,3.0,0.68,10.4,676,6.4
6.6,0.24,0.29,2.0,0.023,19.0,86.0,0.99,3.25,0.45,12.5,677,6.3
7.5,0.705,0.1,13.0,0.044000000000000004,44.0,214.0,0.99741,3.1,0.5,9.1,678,5.5
6.8,0.52,0.26,5.7,0.038,27.0,130.0,0.99,3.11,0.27,13.0,679,6.4
7.1,0.25,0.39,2.1,0.036000000000000004,30.0,124.0,0.9908,3.28,0.43,12.2,680,6.3
5.9,0.32,0.26,1.5,0.057,17.0,141.0,0.9917,3.24,0.36,10.7,681,6.1
6.7,0.3,0.29,2.8,0.025,37.0,107.0,0.99159,3.31,0.63,11.3,682,6.7
5.8,0.26,0.24,9.2,0.044000000000000004,55.0,152.0,0.9961,3.31,0.38,9.4,683,5.1
7.1,0.3,0.49,1.6,0.045,31.0,100.0,0.9942,3.4,0.59,10.2,684,5.7
6.3,0.27,0.46,11.1,0.053,44.0,177.0,0.9969100000000001,3.18,0.67,9.4,685,5.1
6.1,0.28,0.25,12.9,0.054000000000000006,34.0,189.0,0.9979,3.25,0.43,9.0,686,5.3
6.9,0.24,0.34,4.7,0.04,43.0,161.0,0.9935,3.2,0.59,10.6,687,6.5
7.3,0.32,0.35,1.4,0.05,8.0,163.0,0.99244,3.24,0.42,10.7,688,4.9
8.2,0.28,0.42,1.8,0.031,30.0,93.0,0.9917,3.09,0.39,11.4,689,5.4
6.8,0.22,0.32,5.9,0.054000000000000006,40.0,152.0,0.9938,3.2,0.57,10.8,690,6.2
5.6,0.26,0.18,1.4,0.034,18.0,135.0,0.99174,3.32,0.35,10.2,691,5.7
6.9,0.24,0.37,6.1,0.027000000000000003,38.0,112.0,0.9908600000000001,3.19,0.34,12.4,692,7.1
5.9,0.29,0.32,1.4,0.022000000000000002,17.0,47.0,0.9899,3.35,0.35,11.5,693,6.3
7.0,0.24,0.47,1.3,0.043,18.0,131.0,0.9917600000000001,3.19,0.45,11.0,694,6.0
6.4,0.3,0.45,3.5,0.19699999999999998,76.0,180.0,0.9942,3.02,0.39,9.1,695,5.3
6.3,0.22,0.33,1.7,0.040999999999999995,67.0,164.0,0.9928,3.32,0.56,10.4,696,6.1
6.9,0.52,0.54,7.9,0.036000000000000004,23.0,169.0,0.99267,3.26,0.47,12.2,697,6.5
7.5,0.42,0.2,1.4,0.06,15.0,168.0,0.9944,3.06,0.4,9.4,698,5.2
6.0,0.26,0.26,2.2,0.035,10.0,72.0,0.9894649999999999,3.11,0.48,12.15,699,5.9
8.4,0.23,0.49,7.8,0.035,22.0,95.0,0.9935,3.04,0.34,12.0,700,6.3
7.0,0.14,0.49,5.9,0.053,22.0,118.0,0.9954,3.36,0.36,9.4,701,6.0
9.0,0.22,0.49,10.4,0.048,52.0,195.0,0.9987,3.31,0.44,10.2,702,5.6
6.9,0.34,0.74,11.2,0.069,44.0,150.0,0.9968,3.0,0.81,9.2,703,5.7
7.3,0.21,0.49,1.8,0.038,44.0,152.0,0.9912,3.32,0.44,12.6,704,6.2
6.7,0.48,0.32,1.4,0.021,22.0,121.0,0.9889,3.15,0.53,12.7,705,7.2
7.2,0.2,0.38,1.0,0.037000000000000005,21.0,74.0,0.9918,3.21,0.37,11.0,706,6.5
6.6,0.25,0.24,1.7,0.048,26.0,124.0,0.9942,3.37,0.6,10.1,707,5.9
7.1,0.26,0.19,8.2,0.051,53.0,187.0,0.996,3.16,0.52,9.7,708,5.3
6.0,0.41,0.05,1.5,0.063,17.0,120.0,0.9932,3.21,0.56,9.2,709,5.2
6.6,0.22,0.36,5.5,0.028999999999999998,30.0,105.0,0.99206,3.2,0.47,11.8,710,6.3
7.8,0.42,0.26,9.2,0.057999999999999996,34.0,199.0,0.9972,3.14,0.55,9.3,711,5.6
7.9,0.17,0.32,1.6,0.053,47.0,150.0,0.9948,3.29,0.76,9.6,712,6.3
6.6,0.4,0.32,1.7,0.035,39.0,84.0,0.9909600000000001,3.59,0.48,12.7,713,7.1
7.8,0.32,0.31,1.7,0.036000000000000004,46.0,195.0,0.993,3.03,0.48,10.5,714,5.9
7.0,0.3,0.49,4.7,0.036000000000000004,17.0,105.0,0.9916,3.26,0.68,12.4,715,6.1
6.6,0.33,0.41,2.0,0.027000000000000003,14.0,79.0,0.9906299999999999,3.27,0.63,12.4,716,6.6
6.4,0.17,0.27,1.5,0.037000000000000005,20.0,98.0,0.9916,3.46,0.42,11.0,717,6.4
6.6,0.22,0.53,15.1,0.052000000000000005,22.0,136.0,0.9986,2.94,0.35,9.4,718,5.2
7.5,0.41,0.23,14.8,0.054000000000000006,28.0,174.0,0.99898,3.18,0.49,9.7,719,5.4
6.4,0.32,0.23,16.2,0.055,36.0,176.0,0.9986,3.26,0.54,9.1,720,5.4
7.5,0.14,0.34,1.3,0.055,50.0,153.0,0.9945,3.29,0.8,9.6,721,6.2
6.6,0.31,0.28,1.4,0.035,28.0,107.0,0.98836,3.0,0.4,13.2,722,6.0
7.2,0.34,0.2,5.8,0.062,52.0,203.0,0.99461,3.17,0.44,9.8,723,5.6
6.1,0.38,0.14,3.9,0.06,27.0,113.0,0.99344,3.07,0.34,9.2,724,4.6
6.3,0.23,0.3,1.8,0.033,16.0,91.0,0.9906,3.28,0.4,11.8,725,5.9
6.6,0.25,0.51,8.0,0.047,61.0,189.0,0.9960399999999999,3.22,0.49,9.2,726,5.3
6.7,0.18,0.19,4.7,0.046,57.0,161.0,0.9946,3.32,0.66,10.5,727,6.6
6.9,0.31,0.34,7.4,0.059000000000000004,36.0,174.0,0.9963,3.46,0.62,11.1,728,6.7
7.0,0.27,0.74,1.3,0.17300000000000001,34.0,121.0,0.99334,3.04,0.46,9.2,729,5.4
7.3,0.51,0.29,11.3,0.034,61.0,224.0,0.9968299999999999,3.14,0.56,9.5,730,5.1
6.8,0.34,0.36,8.9,0.028999999999999998,44.0,128.0,0.99318,3.28,0.35,11.95,731,6.4
7.2,0.19,0.31,1.6,0.062,31.0,173.0,0.9917,3.35,0.44,11.7,732,6.2
6.2,0.33,0.14,4.8,0.052000000000000005,27.0,128.0,0.99475,3.21,0.48,9.4,733,5.0
6.9,0.19,0.35,13.5,0.038,49.0,118.0,0.99546,3.0,0.63,10.7,734,6.1
6.8,0.19,0.33,1.3,0.031,22.0,87.0,0.98987,3.08,0.62,12.3,735,6.6
7.4,0.22,0.27,1.6,0.057,45.0,98.0,0.9929899999999999,3.29,0.44,9.9,736,5.8
7.7,0.29,0.48,2.3,0.049,36.0,178.0,0.9931,3.17,0.64,10.6,737,6.0
5.8,0.25,0.28,11.1,0.055999999999999994,45.0,175.0,0.99755,3.42,0.43,9.5,738,5.7
7.1,0.2,0.31,7.4,0.053,32.0,211.0,0.99587,3.31,0.59,10.4,739,6.0
7.6,0.37,0.34,3.2,0.027999999999999997,42.0,162.0,0.9903,3.01,0.33,12.4,740,6.4
6.2,0.28,0.51,7.9,0.055999999999999994,49.0,206.0,0.9956,3.18,0.52,9.4,741,5.6
6.3,0.27,0.18,7.7,0.048,45.0,186.0,0.9962,3.23,0.47,9.0,742,5.0
6.7,0.23,0.25,1.6,0.036000000000000004,28.0,143.0,0.99256,3.3,0.54,10.3,743,6.1
7.0,0.34,0.3,1.8,0.045,44.0,142.0,0.9914,2.99,0.45,10.8,744,6.1
5.1,0.26,0.34,6.4,0.034,26.0,99.0,0.99449,3.23,0.41,9.2,745,5.3
5.7,0.255,0.65,1.2,0.079,17.0,137.0,0.9930700000000001,3.2,0.42,9.4,746,5.0
5.7,0.28,0.36,1.8,0.040999999999999995,38.0,90.0,0.9900200000000001,3.27,0.98,11.9,747,6.4
7.5,0.3,0.71,1.3,0.16,44.0,149.0,0.9948,3.08,0.42,8.9,748,5.1
7.2,0.21,0.28,2.7,0.033,38.0,94.0,0.99075,2.99,0.43,11.8,749,6.7
6.2,0.31,0.26,4.8,0.037000000000000005,36.0,148.0,0.9928,3.21,0.41,10.4,750,6.2
7.2,0.23,0.38,14.3,0.057999999999999996,55.0,194.0,0.9979,3.09,0.44,9.0,751,6.1
5.8,0.32,0.38,4.75,0.033,23.0,94.0,0.991,3.42,0.42,11.8,752,6.9
7.4,0.38,0.34,8.3,0.052000000000000005,44.0,168.0,0.9962700000000001,3.11,0.52,9.2,753,5.4
5.1,0.35,0.26,6.8,0.034,36.0,120.0,0.9918799999999999,3.38,0.4,11.5,754,6.5
6.9,0.4,0.42,6.2,0.066,41.0,176.0,0.9955200000000001,3.12,0.54,9.4,755,5.4
5.9,0.4,0.32,6.0,0.034,50.0,127.0,0.992,3.51,0.58,12.5,756,7.1
5.4,0.415,0.19,1.6,0.039,27.0,88.0,0.99265,3.54,0.41,10.0,757,5.5
6.2,0.22,0.28,2.2,0.04,24.0,125.0,0.9917,3.19,0.48,10.5,758,5.8
8.5,0.23,0.4,9.9,0.036000000000000004,24.0,88.0,0.9951,3.02,0.42,10.5,759,6.2
7.1,0.53,0.24,0.8,0.028999999999999998,29.0,86.0,0.993,3.16,0.32,9.1,760,5.2
6.4,0.24,0.26,8.2,0.054000000000000006,47.0,182.0,0.9953799999999999,3.12,0.5,9.5,761,5.2
6.6,0.31,0.37,6.2,0.052000000000000005,13.0,164.0,0.9960200000000001,3.24,0.39,8.8,762,5.2
7.3,0.34,0.39,5.2,0.04,45.0,163.0,0.9925,3.3,0.47,12.4,763,6.6
5.6,0.32,0.32,8.3,0.043,32.0,105.0,0.99266,3.24,0.47,11.2,764,6.0
6.4,0.23,0.37,7.9,0.05,60.0,150.0,0.9948799999999999,2.86,0.49,9.3,765,5.9
6.0,0.32,0.33,9.9,0.032,22.0,90.0,0.9925799999999999,3.1,0.43,12.1,766,6.6
8.7,0.22,0.42,2.3,0.053,27.0,114.0,0.9940000000000001,2.99,0.43,10.0,767,4.8
7.0,0.32,0.24,6.2,0.048,31.0,228.0,0.9957,3.23,0.62,9.4,768,5.7
6.6,0.32,0.24,1.3,0.06,42.5,204.0,0.9951200000000001,3.59,0.51,9.2,769,5.3
7.5,0.42,0.14,10.7,0.046,18.0,95.0,0.9959,3.22,0.33,10.7,770,5.7
6.9,0.23,0.4,7.5,0.04,50.0,151.0,0.9927,3.11,0.27,11.4,771,6.2
7.4,0.2,0.35,6.1,0.025,10.0,40.0,0.99244,2.79,0.52,10.9,772,5.8
5.9,0.25,0.24,7.4,0.044000000000000004,21.0,113.0,0.9946200000000001,3.38,0.58,10.5,773,6.1
8.6,0.31,0.3,0.9,0.045,16.0,109.0,0.99249,2.95,0.39,10.1,774,4.9
7.1,0.13,0.38,1.8,0.046,14.0,114.0,0.9925,3.32,0.9,11.7,775,6.0
6.2,0.44,0.18,7.7,0.096,28.0,210.0,0.99771,3.56,0.72,9.2,776,5.2
6.3,0.21,0.4,1.7,0.031,48.0,134.0,0.9917,3.42,0.49,11.5,777,6.5
6.8,0.23,0.42,7.4,0.044000000000000004,56.0,189.0,0.9958,3.22,0.48,9.3,778,5.7
7.0,0.39,0.24,1.0,0.048,8.0,119.0,0.9923,3.0,0.31,10.1,779,5.0
6.0,0.23,0.34,1.3,0.025,23.0,111.0,0.98961,3.36,0.37,12.7,780,6.7
6.8,0.27,0.3,13.0,0.047,69.0,160.0,0.99705,3.16,0.5,9.6,781,5.9
5.7,0.25,0.32,12.2,0.040999999999999995,43.0,127.0,0.99524,3.23,0.53,10.4,782,6.1
8.4,0.23,0.32,1.3,0.048,59.0,113.0,0.9917799999999999,3.1,0.55,11.0,783,5.8
5.8,0.315,0.27,1.55,0.026000000000000002,15.0,70.0,0.9899399999999999,3.37,0.4,11.9,784,6.3
6.5,0.28,0.29,2.7,0.038,26.0,107.0,0.9912,3.32,0.41,11.6,785,6.8
6.2,0.25,0.21,15.55,0.039,28.0,159.0,0.9982,3.48,0.64,9.6,786,5.9
6.7,0.24,0.33,12.3,0.046,31.0,145.0,0.9983,3.36,0.4,9.5,787,5.2
7.4,0.16,0.49,1.2,0.055,18.0,150.0,0.9917,3.23,0.47,11.2,788,6.1
6.1,0.28,0.27,4.7,0.03,56.0,140.0,0.9904200000000001,3.16,0.42,12.5,789,6.0
7.7,0.23,0.31,10.7,0.038,59.0,186.0,0.9969,3.12,0.55,9.5,790,5.8
6.7,0.27,0.3,13.9,0.028999999999999998,34.0,131.0,0.9953,3.36,0.5,12.0,791,6.6
7.3,0.26,0.33,17.85,0.049,41.5,195.0,1.0,3.06,0.44,9.1,792,6.4
6.4,0.32,0.5,10.7,0.047,57.0,206.0,0.9968,3.08,0.6,9.4,793,5.8
6.8,0.57,0.29,2.2,0.04,15.0,77.0,0.9938,3.32,0.74,10.2,794,4.8
6.3,0.25,0.22,3.3,0.048,41.0,161.0,0.99256,3.16,0.5,10.5,795,6.6
6.3,0.67,0.48,12.6,0.052000000000000005,57.0,222.0,0.9979,3.17,0.52,9.3,796,5.3
6.4,0.16,0.37,1.5,0.037000000000000005,27.0,109.0,0.99345,3.38,0.5,9.8,797,6.2
7.6,0.26,0.32,1.3,0.048,23.0,76.0,0.9903,2.96,0.46,12.0,798,6.1
8.5,0.28,0.34,13.8,0.040999999999999995,32.0,161.0,0.9981,3.13,0.4,9.9,799,5.4
6.8,0.21,0.36,18.1,0.046,32.0,133.0,1.0,3.27,0.48,8.8,800,5.7
6.6,0.38,0.28,2.8,0.043,17.0,67.0,0.98924,3.21,0.47,13.2,801,6.3
7.0,0.34,0.26,10.3,0.040999999999999995,51.0,166.0,0.99382,3.08,0.35,11.6,802,6.7
5.2,0.365,0.08,13.5,0.040999999999999995,37.0,142.0,0.997,3.46,0.39,9.9,803,5.2
6.4,0.41,0.01,6.1,0.048,20.0,70.0,0.9936200000000001,3.19,0.42,10.0,804,5.0
6.7,0.2,0.41,9.1,0.044000000000000004,50.0,166.0,0.9954,3.14,0.58,9.8,805,6.3
8.3,0.25,0.49,16.8,0.048,50.0,228.0,1.0001,3.03,0.52,9.2,806,6.0
6.3,0.21,0.28,1.5,0.051,46.0,142.0,0.9928,3.23,0.42,10.1,807,5.9
5.7,0.25,0.26,12.5,0.049,52.5,120.0,0.9969100000000001,3.08,0.45,9.4,808,5.8
6.7,0.3,0.5,12.1,0.045,38.0,127.0,0.9974,3.04,0.53,8.9,809,5.6
6.6,0.36,0.52,10.1,0.05,29.0,140.0,0.9962799999999999,3.07,0.4,9.4,810,5.0
6.0,0.26,0.24,1.3,0.053,66.0,150.0,0.9924,3.21,0.62,10.4,811,5.9
6.3,0.31,0.3,10.0,0.046,49.0,212.0,0.9962,3.74,0.55,11.9,812,6.9
6.3,0.3,0.91,8.2,0.034,50.0,199.0,0.9939399999999999,3.39,0.49,11.7,813,6.0
6.2,0.39,0.24,4.8,0.037000000000000005,45.0,138.0,0.99174,3.23,0.43,11.2,814,6.7
7.1,0.18,0.39,15.25,0.047,45.0,158.0,0.99946,3.34,0.77,9.1,815,5.1
6.5,0.29,0.3,9.15,0.051,25.0,166.0,0.99339,3.24,0.56,11.33333333,816,5.8
6.0,0.28,0.24,17.8,0.047,42.0,111.0,0.9989600000000001,3.1,0.45,8.9,817,5.8
6.5,0.18,0.33,8.0,0.051,16.0,131.0,0.9965,3.28,0.44,8.7,818,6.0
6.5,0.22,0.25,17.1,0.05,44.0,138.0,1.0001,3.3,0.37,8.8,819,5.0
7.4,0.16,0.27,15.5,0.05,25.0,135.0,0.9984,2.9,0.43,8.7,820,6.9
6.9,0.18,0.38,8.1,0.049,44.0,176.0,0.9958,3.3,0.54,9.8,821,6.0
7.7,0.26,0.34,6.4,0.05,36.0,163.0,0.9937,3.19,0.7,11.5,822,6.4
7.9,0.2,0.39,1.0,0.040999999999999995,37.0,154.0,0.99093,3.08,0.43,11.9,823,6.6
6.5,0.46,0.24,11.5,0.051,56.0,171.0,0.9958799999999999,3.08,0.56,9.8,824,5.1
6.8,0.22,0.24,4.9,0.092,30.0,123.0,0.9951,3.03,0.46,8.6,825,6.5
7.0,0.21,0.34,8.0,0.057,19.0,101.0,0.9954,2.99,0.59,9.4,826,5.5
6.3,0.15,0.34,11.4,0.05,25.0,96.0,0.99754,3.21,0.49,10.0,827,5.8
8.0,0.37,0.31,4.7,0.038,3.0,127.0,0.9918600000000001,2.9,0.72,12.1,828,5.1
7.0,0.15,0.28,14.7,0.051,29.0,149.0,0.99792,2.96,0.39,9.0,829,7.0
6.4,0.29,0.44,3.6,0.2,75.0,181.0,0.9942,3.02,0.41,9.1,830,5.4
5.7,0.23,0.25,7.95,0.042,16.0,108.0,0.9948600000000001,3.44,0.61,10.3,831,5.4
6.8,0.21,0.42,1.2,0.045,24.0,126.0,0.99234,3.09,0.87,10.9,832,6.0
8.9,0.27,0.28,0.8,0.024,29.0,128.0,0.9898399999999999,3.01,0.35,12.4,833,6.4
5.5,0.315,0.38,2.6,0.033,10.0,69.0,0.9909,3.12,0.59,10.8,834,6.2
5.7,0.22,0.22,16.65,0.044000000000000004,39.0,110.0,0.99855,3.24,0.48,9.0,835,6.0
8.5,0.32,0.36,14.9,0.040999999999999995,47.0,190.0,0.9982,3.08,0.31,10.0,836,5.3
7.3,0.34,0.3,9.4,0.057,34.0,178.0,0.99554,3.15,0.44,10.4,837,5.6
5.9,0.32,0.39,3.3,0.114,24.0,140.0,0.9934,3.09,0.45,9.2,838,5.2
6.5,0.21,0.28,1.4,0.046,26.0,66.0,0.9919899999999999,3.43,0.48,11.1,839,5.7
6.9,0.2,0.3,4.7,0.040999999999999995,40.0,148.0,0.9932,3.16,0.35,10.2,840,5.9
6.2,0.22,0.49,6.0,0.028999999999999998,31.0,128.0,0.9928,3.41,0.36,11.3,841,6.2
6.6,0.26,0.28,9.4,0.027999999999999997,13.0,121.0,0.99254,3.17,0.34,12.1,842,5.9
7.5,0.33,0.32,11.1,0.036000000000000004,25.0,119.0,0.9962,3.15,0.34,10.5,843,5.8
6.2,0.2,0.31,1.0,0.031,22.0,73.0,0.99035,3.24,0.52,11.3,844,6.1
5.8,0.2,0.3,1.5,0.031,21.0,57.0,0.99115,3.44,0.55,11.0,845,6.6
8.3,0.3,0.36,10.0,0.042,33.0,169.0,0.9982,3.23,0.51,9.3,846,5.4
7.5,0.26,0.31,1.6,0.032,36.0,109.0,0.99044,2.97,0.43,11.9,847,6.5
6.5,0.28,0.34,4.6,0.054000000000000006,22.0,130.0,0.99193,3.2,0.46,12.0,848,5.8
6.6,0.24,0.38,12.75,0.034,8.0,74.0,0.9938600000000001,3.1,0.57,12.9,849,5.6
6.2,0.19,0.38,5.1,0.019,22.0,82.0,0.98961,3.05,0.36,12.5,850,6.8
6.5,0.18,0.26,1.4,0.040999999999999995,40.0,141.0,0.9941,3.34,0.72,9.5,851,5.9
8.0,0.3,0.49,9.4,0.046,47.0,188.0,0.9964,3.14,0.48,10.0,852,5.6
5.4,0.31,0.47,3.0,0.053,46.0,144.0,0.9931,3.29,0.76,10.0,853,5.0
6.9,0.37,0.23,9.5,0.057,54.0,166.0,0.9956799999999999,3.23,0.42,10.0,854,5.8
8.2,0.34,0.49,8.0,0.046,55.0,223.0,0.996,3.08,0.52,10.7,855,5.6
6.9,0.48,0.36,3.5,0.03,31.0,135.0,0.9904,3.14,0.38,12.2,856,6.1
6.9,0.37,0.23,9.5,0.057,54.0,166.0,0.9956799999999999,3.23,0.42,10.0,857,5.8
6.5,0.18,0.41,14.2,0.039,47.0,129.0,0.9967799999999999,3.28,0.72,10.3,858,6.8
7.6,0.18,0.36,2.4,0.049,38.0,123.0,0.996,3.6,0.46,10.3,859,5.5
6.7,0.34,0.31,16.4,0.051,20.0,146.0,0.99834,3.06,0.54,9.1,860,4.9
7.4,0.34,0.28,12.1,0.049,31.0,149.0,0.99677,3.22,0.49,10.3,861,5.2
7.6,0.2,0.39,2.6,0.044000000000000004,30.0,180.0,0.9941,3.46,0.44,10.8,862,6.1
8.3,0.22,0.38,14.8,0.054000000000000006,32.0,126.0,1.0002,3.22,0.5,9.7,863,5.3
6.1,0.24,0.26,1.7,0.033,61.0,134.0,0.9903,3.19,0.81,11.9,864,6.8
6.1,0.34,0.46,4.7,0.028999999999999998,21.0,94.0,0.991,3.29,0.62,12.3,865,6.0
7.1,0.16,0.25,1.3,0.034,28.0,123.0,0.9915,3.27,0.55,11.4,866,6.6
6.3,0.24,0.29,13.7,0.035,53.0,134.0,0.99567,3.17,0.38,10.6,867,6.2
6.8,0.29,0.16,1.4,0.038,122.5,234.5,0.9922,3.15,0.47,10.0,868,4.3
7.0,0.14,0.41,0.9,0.037000000000000005,22.0,95.0,0.9914,3.25,0.43,10.9,869,6.6
5.4,0.59,0.07,7.0,0.045,36.0,147.0,0.9944,3.34,0.57,9.7,870,5.0
6.6,0.32,0.33,2.5,0.052000000000000005,40.0,219.5,0.99316,3.15,0.6,10.0,871,5.3
6.1,0.26,0.28,1.7,0.043,24.0,98.0,0.98918,3.14,0.44,12.5,872,6.2
7.7,0.44,0.24,11.2,0.031,41.0,167.0,0.9948,3.12,0.43,11.3,873,6.7
6.7,0.15,0.29,5.0,0.057999999999999996,28.0,105.0,0.9946,3.52,0.44,10.2,874,6.1
6.4,0.25,0.32,0.9,0.034,40.0,114.0,0.9911399999999999,3.31,0.58,10.8,875,6.5
6.8,0.15,0.33,4.7,0.059000000000000004,31.0,118.0,0.9956,3.43,0.39,9.0,876,5.6
7.9,0.28,0.49,7.7,0.045,48.0,195.0,0.9954,3.04,0.55,11.0,877,6.5
5.6,0.42,0.34,2.4,0.022000000000000002,34.0,97.0,0.98915,3.22,0.38,12.8,878,6.8
7.0,0.31,0.29,1.4,0.037000000000000005,33.0,128.0,0.9896,3.12,0.36,12.2,879,6.5
7.0,0.27,0.32,6.8,0.047,47.0,193.0,0.9938,3.23,0.39,11.4,880,6.8
7.1,0.21,0.32,2.2,0.037000000000000005,28.0,141.0,0.993,3.2,0.57,10.0,881,6.0
8.1,0.12,0.38,0.9,0.034,36.0,86.0,0.99026,2.8,0.55,12.0,882,6.3
6.6,0.3,0.74,4.6,0.040999999999999995,36.0,159.0,0.9946,3.21,0.45,9.9,883,5.6
6.8,0.18,0.3,12.8,0.062,19.0,171.0,0.99808,3.0,0.52,9.0,884,7.0
6.4,0.37,0.37,4.85,0.040999999999999995,39.5,216.5,0.9943200000000001,3.1,0.5,9.8,885,5.2
7.7,0.28,0.35,15.3,0.055999999999999994,31.0,117.0,0.9998,3.27,0.5,9.6,886,5.2
7.5,0.22,0.32,2.4,0.045,29.0,100.0,0.99135,3.08,0.6,11.3,887,6.3
8.4,0.18,0.42,5.1,0.036000000000000004,7.0,77.0,0.9939,3.16,0.52,11.7,888,5.1
7.2,0.47,0.65,8.3,0.083,27.0,182.0,0.9964,3.0,0.35,9.2,889,4.7
7.7,0.26,0.4,1.1,0.042,9.0,60.0,0.9915,2.89,0.5,10.6,890,5.4
7.2,0.22,0.35,5.5,0.054000000000000006,37.0,183.0,0.99474,3.08,0.5,10.3,891,6.0
9.2,0.32,0.42,1.3,0.046,14.0,186.0,0.9949,3.08,0.48,9.6,892,5.0
7.1,0.24,0.41,17.8,0.046,39.0,145.0,0.9998,3.32,0.39,8.7,893,5.2
5.8,0.15,0.49,1.1,0.048,21.0,98.0,0.9929,3.19,0.48,9.2,894,5.8
7.6,0.16,0.44,1.4,0.043,25.0,109.0,0.9932,3.11,0.75,10.3,895,6.1
6.9,0.25,0.24,1.8,0.053,6.0,121.0,0.993,3.23,0.7,11.4,896,5.7
6.6,0.34,0.18,6.4,0.08199999999999999,47.0,240.0,0.9971,3.42,0.48,9.2,897,5.0
6.6,0.32,0.26,4.6,0.031,26.0,120.0,0.99198,3.4,0.73,12.5,898,7.2
8.5,0.25,0.27,4.7,0.031,31.0,92.0,0.9922,3.01,0.33,12.0,899,6.1
7.2,0.17,0.34,6.4,0.042,16.0,111.0,0.9927799999999999,2.99,0.4,10.8,900,6.7
6.7,0.35,0.32,9.0,0.032,29.0,113.0,0.9918799999999999,3.13,0.65,12.9,901,7.0
7.2,0.21,0.35,14.5,0.048,35.0,178.0,0.9982,3.05,0.47,8.9,902,6.1
6.2,0.38,0.18,7.4,0.095,28.0,195.0,0.9977299999999999,3.53,0.71,9.2,903,5.5
7.1,0.21,0.72,1.6,0.16699999999999998,65.0,120.0,0.99324,2.97,0.51,9.2,904,6.0
7.0,0.22,0.26,9.2,0.027000000000000003,37.0,122.0,0.9922799999999999,3.06,0.34,12.5,905,7.6
6.6,0.56,0.15,10.0,0.037000000000000005,38.0,157.0,0.9964200000000001,3.28,0.52,9.4,906,5.2
7.7,0.22,0.42,1.9,0.052000000000000005,10.0,87.0,0.9922,3.3,0.49,11.8,907,6.3
7.1,0.24,0.41,17.8,0.046,39.0,145.0,0.9998,3.32,0.39,8.7,908,5.2
6.0,0.16,0.3,6.7,0.043,43.0,153.0,0.9951,3.63,0.46,10.6,909,5.9
6.9,0.23,0.35,6.9,0.03,45.0,116.0,0.99244,2.8,0.54,11.0,910,6.7
6.0,0.26,0.34,1.3,0.046,6.0,29.0,0.9924,3.29,0.63,10.4,911,4.2
6.9,0.28,0.31,7.2,0.04,47.0,168.0,0.9946,3.29,0.57,10.6,912,6.1
7.1,0.36,0.24,1.8,0.025,32.0,102.0,0.9903,3.34,0.59,12.8,913,7.0
7.8,0.22,0.38,10.3,0.059000000000000004,28.0,99.0,0.9967,3.12,0.47,10.0,914,5.6
7.3,0.13,0.27,4.6,0.08,34.0,172.0,0.9938,3.23,0.39,11.1,915,5.6
5.9,0.22,0.45,22.6,0.12,55.0,122.0,0.99636,3.1,0.35,12.8,916,6.6
6.7,0.24,0.3,10.2,0.07,44.0,179.0,0.99666,2.86,0.46,8.9,917,6.0
6.0,0.24,0.32,6.3,0.03,34.0,129.0,0.9946,3.52,0.41,10.4,918,5.9
6.1,0.29,0.27,1.7,0.024,13.0,76.0,0.9893,3.21,0.51,12.6,919,6.4
6.7,0.19,0.32,3.7,0.040999999999999995,26.0,76.0,0.9917299999999999,2.9,0.57,10.5,920,6.2
7.7,0.39,0.34,10.0,0.055999999999999994,35.0,178.0,0.9974,3.26,0.6,10.2,921,5.4
5.2,0.37,0.33,1.2,0.027999999999999997,13.0,81.0,0.9902,3.37,0.38,11.7,922,6.2
8.1,0.33,0.22,5.2,0.047,24.0,151.0,0.9952700000000001,3.22,0.47,10.3,923,5.3
6.7,0.28,0.34,8.9,0.048,32.0,111.0,0.99455,3.25,0.54,11.0,924,6.4
6.2,0.23,0.36,17.2,0.039,37.0,130.0,0.99946,3.23,0.43,8.8,925,6.0
7.1,0.26,0.34,14.4,0.067,35.0,189.0,0.9986,3.07,0.53,9.1,926,7.0
7.5,0.24,0.62,10.6,0.045,51.0,153.0,0.99779,3.16,0.44,8.8,927,5.2
8.6,0.31,0.3,0.9,0.045,16.0,109.0,0.99249,2.95,0.39,10.1,928,4.9
9.3,0.2,0.33,1.7,0.05,28.0,178.0,0.9954,3.16,0.43,9.0,929,5.8
7.1,0.26,0.31,2.2,0.044000000000000004,29.0,128.0,0.9937,3.34,0.64,10.9,930,5.9
8.2,0.35,0.4,6.3,0.039,35.0,162.0,0.9936,3.15,0.34,11.9,931,6.9
5.9,0.26,0.27,18.2,0.048,52.0,168.0,0.9993,3.35,0.44,9.4,932,5.6
6.9,0.28,0.3,8.3,0.026000000000000002,37.0,113.0,0.99139,2.99,0.38,12.3,933,7.0
7.1,0.21,0.28,2.7,0.034,23.0,111.0,0.99405,3.35,0.64,10.2,934,4.4
6.0,0.19,0.29,1.2,0.046,29.0,92.0,0.9903299999999999,3.22,0.53,11.3,935,6.1
7.1,0.2,0.27,9.6,0.037000000000000005,19.0,105.0,0.99444,3.04,0.37,10.5,936,6.6
6.6,0.26,0.24,7.2,0.038,28.0,137.0,0.9952,3.35,0.6,10.4,937,6.1
6.6,0.28,0.41,7.0,0.046,59.0,194.0,0.9955799999999999,3.14,0.48,9.4,938,5.2
6.2,0.25,0.38,7.9,0.045,54.0,208.0,0.99572,3.17,0.46,9.1,939,5.6
6.4,0.23,0.3,7.1,0.037000000000000005,63.0,236.0,0.9952,3.06,0.34,9.2,940,5.5
6.9,0.38,0.25,9.8,0.04,28.0,191.0,0.9971,3.28,0.61,9.2,941,5.4
7.9,0.11,0.49,4.5,0.048,27.0,133.0,0.9946,3.24,0.42,10.6,942,5.9
7.9,0.22,0.45,14.2,0.038,53.0,141.0,0.9992,3.03,0.46,9.2,943,5.4
8.6,0.2,0.42,1.5,0.040999999999999995,35.0,125.0,0.9925,3.11,0.49,11.4,944,6.7
6.5,0.21,0.37,2.5,0.048,70.0,138.0,0.9917,3.33,0.75,11.4,945,6.7
6.3,0.18,0.22,1.5,0.043,45.0,155.0,0.9923799999999999,3.19,0.48,10.2,946,6.1
7.1,0.36,0.37,4.8,0.019,39.0,114.0,0.99036,3.08,0.49,12.7,947,7.1
8.2,0.17,0.32,1.5,0.05,17.0,101.0,0.9940000000000001,3.14,0.58,9.5,948,5.9
6.5,0.29,0.53,1.7,0.04,41.0,192.0,0.9922,3.26,0.59,10.4,949,6.4
6.5,0.26,0.43,8.9,0.083,50.0,171.0,0.9965,2.85,0.5,9.0,950,5.5
7.8,0.2,0.32,5.0,0.016,31.0,101.0,0.9918600000000001,2.99,0.39,11.0,951,6.1
6.6,0.33,0.24,16.05,0.045,31.0,147.0,0.9982200000000001,3.08,0.52,9.2,952,5.4
6.5,0.29,0.52,7.9,0.049,35.0,192.0,0.99551,3.16,0.51,9.5,953,5.6
7.2,0.585,0.2,10.4,0.086,17.0,94.0,0.9968100000000001,3.13,0.4,9.4,954,4.9
7.0,0.39,0.21,10.7,0.098,13.0,91.0,0.9965700000000001,3.03,0.47,9.3,955,5.0
7.3,0.19,0.27,13.9,0.057,45.0,155.0,0.9980700000000001,2.94,0.41,8.8,956,7.8
6.4,0.27,0.45,8.3,0.05,52.0,196.0,0.9955,3.18,0.48,9.5,957,5.0
8.2,0.42,0.29,4.1,0.03,31.0,100.0,0.9911,3.0,0.32,12.8,958,6.7
6.8,0.19,0.36,1.9,0.035,30.0,96.0,0.9917,3.15,0.54,10.8,959,6.4
6.4,0.44,0.26,2.0,0.054000000000000006,20.0,180.0,0.9952,3.58,0.57,10.0,960,4.9
7.8,0.18,0.31,12.2,0.053,46.0,140.0,0.998,3.06,0.53,8.9,961,6.4
5.7,0.265,0.28,6.9,0.036000000000000004,46.0,150.0,0.9929899999999999,3.36,0.44,10.8,962,6.8
6.6,0.19,0.35,1.5,0.037000000000000005,37.0,107.0,0.99006,3.18,0.68,12.0,963,6.2
7.8,0.3,0.29,16.85,0.054000000000000006,23.0,135.0,0.9998,3.16,0.38,9.0,964,5.9
6.7,0.39,0.31,2.7,0.054000000000000006,27.0,202.0,0.9948,3.46,0.57,10.5,965,5.6
5.8,0.2,0.24,1.4,0.033,65.0,169.0,0.9904299999999999,3.59,0.56,12.3,966,6.6
6.6,0.285,0.49,11.4,0.035,57.0,137.0,0.9973200000000001,3.08,0.54,8.9,967,5.3
6.9,0.23,0.34,4.0,0.047,24.0,128.0,0.9944,3.2,0.52,9.7,968,5.6
7.4,0.16,0.3,1.4,0.064,34.0,166.0,0.99136,3.11,0.42,11.43333333,969,6.1
8.3,0.25,0.33,2.5,0.053,12.0,72.0,0.9940399999999999,2.89,0.48,9.5,970,5.0
9.2,0.18,0.49,1.5,0.040999999999999995,39.0,130.0,0.9945,3.04,0.49,9.8,971,5.6
6.1,0.4,0.31,0.9,0.048,23.0,170.0,0.993,3.22,0.77,9.5,972,5.7
6.6,0.38,0.29,2.4,0.136,15.0,93.0,0.99336,3.18,0.6,9.5,973,4.9
8.1,0.12,0.49,1.2,0.042,43.0,160.0,0.9934,3.13,0.48,9.7,974,6.1
7.7,0.32,0.61,11.8,0.040999999999999995,66.0,188.0,0.9979399999999999,3.0,0.54,9.3,975,5.3
7.1,0.23,0.28,1.9,0.046,33.0,103.0,0.9899700000000001,3.12,0.31,12.0,976,6.2
7.4,0.39,0.23,7.0,0.033,29.0,126.0,0.9940000000000001,3.14,0.42,10.5,977,5.3
5.8,0.19,0.33,4.2,0.038,49.0,133.0,0.9910700000000001,3.16,0.42,11.3,978,6.0
5.6,0.29,0.05,0.8,0.038,11.0,30.0,0.9924,3.36,0.35,9.2,979,4.8
6.3,0.29,0.14,7.05,0.045,50.0,177.0,0.99564,3.23,0.42,9.0,980,5.1
